Date_Listened,Song_Name,Artist,Feature_Artists,Album,Duration,Genre,Subgenre,Tempo_BPM,Key_Signature,Album_Release_Date
2023/02/01,Twenty Eight,The Weeknd,,Trilogy,258,R&B,Alternative R&B,130,D# Minor,2012/11/13
2023/02/01,Bad Neighbors,K. Forest,,Welcome to the Wildfire,160,R&B,Contemporary R&B,120,D# Minor,2021/03/19
2023/02/01,Mask Off,Future,,FUTURE,204,Hip-Hop,Trap,150,D Major,2017/06/30
2023/02/01,Hold you up (feat. Annahstasia & Steven Bamidele),KayCyy,"Annahstasia, Steven Bamidele",Get Used To It ,236,Soul,Alternative Soul,200,A# Minor,2022/06/02
2023/02/01,Live For,The Weeknd,Drake,Kiss Land,222,R&B,Alternative R&B,76,C Major,2013/01/01
2023/02/01,Low Life (feat. The Weeknd),Future,The Weeknd,EVOL,313,Hip-Hop,Trap,144,G# Major,2016/04/13
2023/02/01,WAIT FOR U (feat. Drake & Tems),Future,"Drake, Tems",I NEVER LIKED YOU,189,Hip-Hop,Trap,83,C# Major,2022/04/29
2023/02/01,Remember,PLAZA,,Nocturnes,212,R&B,Alternative R&B,122,E Minor,2021/10/01
2023/02/01,Endless,Hiddenhillsforever,,Hell Of A Night,208,Hip-Hop,Trap,157,D Major,2021/05/07
2023/02/01,Too Many Times,Norman Perry,,XX2,200,R&B,Trap Soul,102,D Major,2018/10/02
2023/02/01,Hun43rd,A$AP Rocky,,TESTING,242,Hip-Hop,Experimental Hip-Hop,136,D Major,2018/05/25
2023/02/01,Get Even,PLAZA,,Nocturnes,200,R&B,Alternative R&B,155,F Minor,2021/10/01
2023/02/01,Thought It Was A Drought,Future,,DS2 (Deluxe),265,Hip-Hop,Trap,125,D Major,2015/07/17
2023/02/01,More 2 Us,TYuS,,More 2 Us,228,R&B,Trap Soul,74,F# Minor,2020/06/16
2023/02/01,"Fine Whine (feat. Joe Fox, Future & M.I.A.)",A$AP Rocky," Joe Fox, Future, M.I.A.",AT.LONG.LAST.A$AP,218,Hip-Hop,Psychadelic Hip-Hop,114,C# Major,2015/05/26
2023/02/01,R.I.P. 2 My Youth,The Neighbourhood,,Wiped Out!,205,Rock,Alternative Rock,94,G Minor,2015/10/30
2023/02/01,Why Can't I,Artie J,,I Hate Pretty Girls,204,R&B,Trap Soul,96,D# Minor,2020/02/16
2023/02/01,Remembrance,Lyfe Harris,,Remembrance,158,R&B,Trap Soul,194,D# Minor,2021/09/01
2023/02/01,Sky,Playboi Carti,,Whole Lotta Red,193,Hip-Hop,Vapor Trap,140,D Major,2020/12/25
2023/02/01,Stop Breathing,Playboi Carti,,Whole Lotta Red,218,Hip-Hop,Vapor Trap,155,A Major,2020/12/25
2023/02/01,Massage In My Room,Future,,FUTURE,155,Hip-Hop,Trap,76,C# Major,2017/06/30
2023/02/01,Uncontrollable,Artie J,,Emotional Indulgence,141,R&B,Trap Soul,112,A# Major,2021/10/08
2023/02/01,You Know,Lyfe Harris,,Nothing New,179,R&B,Trap Soul,89,F Minor,2021/02/10
2023/02/02,Don't Panic,Lyfe Harris,,Don't Panic,112,R&B,Trap Soul,108,A# Minor,2020/01/06
2023/02/02,Reason,PLAZA,,One,241,R&B,Alternative R&B,174,C Major,2016/08/29
2023/02/02,Water,PLAZA,,One,181,R&B,Alternative R&B,104,C# Minor,2016/08/29
2023/02/02,Tell Your Friends,The Weeknd,,Beauty Behind The Madness,334,R&B,Contemporary R&B,75,C# Minor,2015/08/28
2023/02/02,Twenty Eight,The Weeknd,,Trilogy,258,R&B,Alternative R&B,130,D# Minor,2012/11/13
2023/02/02,Doll House,Lyfe Harris,,Since We're Here,135,R&B,Trap Soul,108,G Major,2020/04/04
2023/02/02,WEST DISTRICT,PARTYNEXTDOOR,,PARTYPACK,303,R&B,Trap Soul,95,C# Major,2020/10/16
2023/02/02,Recognize (feat. Drake),PARTYNEXTDOOR,Drake,PARTYNEXTDOOR TWO,311,R&B,Trap Soul,120,D Major,2014/07/29
2023/02/02,The Zone,The Weeknd,Drake,Trilogy,418,R&B,Alternative R&B,140,D# Minor,2012/11/13
2023/02/02,Find Her,Lyfe Harris,,Nothing New,133,R&B,Trap Soul,89,F# Minor,2021/02/10
2023/02/02,Government Official,Future,,SAVE ME,150,Hip-Hop,Trap,145,C# Major,2019/06/07
2023/02/02,Loft Music,The Weeknd,,Trilogy,363,R&B,Alternative R&B,172,F# Minor,2012/11/13
2023/02/02,Lie To Me,Black Atlass,,Dream Awake,210,R&B,Alternative R&B,158,B Minor,2020/04/03
2023/02/02,The Party & The After Party,The Weeknd,,Trilogy,459,R&B,Alternative R&B,204,F Minor,2012/11/13
2023/02/02,You Know,Lyfe Harris,,Nothing New,179,R&B,Trap Soul,89,F Minor,2021/02/10
2023/02/02,"Fine Whine (feat. Joe Fox, Future & M.I.A.)",A$AP Rocky," Joe Fox, Future, M.I.A.",AT.LONG.LAST.A$AP,218,Hip-Hop,Psychadelic Hip-Hop,114,C# Major,2015/05/26
2023/02/02,Praise The Lord (Da Shine) (feat. Skepta),A$AP Rocky,Skepta,TESTING,205,Hip-Hop,Experimental Hip-Hop,80,F Minor,2018/05/25
2023/02/02,I Want Her Too,Artie J,,Emotional Indulgence,172,R&B,Trap Soul,90,B Minor,2021/10/08
2023/02/02,Blessed & Highly Favored,FXXXXY,,Do You Trust Me?,140,Hip-Hop,Trap,155,C Minor,2020/12/11
2023/02/02,Top Floor,Lyfe Harris,,Since We're Here,126,R&B,Trap Soul,106,C# Minor,2020/04/04
2023/02/02,Play Your Roll,Norman Perry,,Way Darker This Time,125,R&B,Trap Soul,122,G Major,2020/04/10
2023/02/02,St. Lucia,Future,,SAVE ME,198,Hip-Hop,Trap,146,C# Minor,2019/06/07
2023/02/02,Where Ya At (feat. Drake),Future,Drake,DS2 (Deluxe),208,Hip-Hop,Trap,162,C# Major,2015/07/17
2023/02/02,MEDICINE,Lyfe Harris,,ENIGMA,163,R&B,Trap Soul,85,F# Minor,2022/02/18
2023/02/02,STAY RIGHT HERE,Lyfe Harris,,ENIGMA,168,R&B,Trap Soul,140,E Minor,2022/02/18
2023/02/02,Love You Again,PLAZA,,SHADOW,281,R&B,Alternative R&B,138,B Minor,2017/06/11
2023/02/02,Run This,PLAZA,,SHADOW,233,R&B,Alternative R&B,114,D# Minor,2017/06/11
2023/02/02,Over,PLAZA,,SHADOW,268,R&B,Alternative R&B,66,D Minor,2017/06/11
2023/02/03,Top Floor,Lyfe Harris,,Since We're Here,126,R&B,Trap Soul,106,C# Minor,2020/04/04
2023/02/03,Don't Panic,Lyfe Harris,,Don't Panic,112,R&B,Trap Soul,108,A# Minor,2020/01/06
2023/02/03,Recognize (feat. Drake),PARTYNEXTDOOR,Drake,PARTYNEXTDOOR TWO,311,R&B,Trap Soul,120,D Major,2014/07/29
2023/02/03,Lie To Me,Black Atlass,,Dream Awake,210,R&B,Alternative R&B,158,B Minor,2020/04/03
2023/02/03,Mission,Norman Perry,,Way Darker This Time,127,R&B,Trap Soul,136,F# Minor,2020/04/10
2023/02/03,Again,PLAZA,,One,196,R&B,Alternative R&B,68,A Minor,2016/08/29
2023/02/03,Bentley Keys,Lyfe Harris,,Bentley Keys,145,R&B,Trap Soul,108,F Minor,2020/10/23
2023/02/03,Palace,A$AP Rocky,,LIVE.LOVE.A$AP,162,Hip-Hop,East Coast Hip-Hop,134,G Major,2011/10/31
2023/02/03,Top Floor,Lyfe Harris,,Since We're Here,126,R&B,Trap Soul,106,C# Minor,2020/04/04
2023/02/03,Pain & Pleasure,Black Atlass,,Pain & Pleasure,194,R&B,Alternative R&B,151,C# Minor,2018/07/12
2023/02/03,Someone Else,Norman Perry,,Way Darker This Time,185,R&B,Trap Soul,89,A# Minor,2020/04/10
2023/02/03,Wanting You,PLAZA,,One,240,R&B,Alternative R&B,112,F# Minor,2016/08/29
2023/02/03,Get Even,PLAZA,,Nocturnes,200,R&B,Alternative R&B,155,F Minor,2021/10/01
2023/02/03,Money Mission (Unplugged),Lyfe Harris,,Money Mission (Unplugged),196,R&B,Trap Soul,144,F Major,2021/08/13
2023/02/03,Emotion,Lyfe Harris,,Nothing New,214,R&B,Trap Soul,119,C# Minor,2021/02/10
2023/02/03,Why Can't I,Artie J,,I Hate Pretty Girls,204,R&B,Trap Soul,96,D# Minor,2020/02/16
2023/02/03,Vision,Norman Perry,,Way Darker This Time,131,R&B,Trap Soul,131,C# Major,2020/04/10
2023/02/03,Like That,Norman Perry,,XX2,240,R&B,Trap Soul,90,B Minor,2018/10/02
2023/02/03,MAFIA,Travis Scott,,ESCAPE PLAN / MAFIA,240,Hip-Hop,Trap,110,C Minor,2021/11/05
2023/02/03,From The Garden (feat. Lil Uzi Vert),Isaiah Rashad,Lil Uzi Vert,The House Is Burning,189,Hip-Hop,Southern Hip-Hop,142,F# Minor,2021/07/30
2023/02/03,Chemtrails Over The Country Club,Lana Del Rey,,Chemtrails Over The Country Club,271,Pop,Indie Pop,201,E Minor,2021/03/19
2023/02/03,I Want Her Too,Artie J,,Emotional Indulgence,172,R&B,Trap Soul,90,B Minor,2021/10/08
2023/02/03,Diamond,Norman Perry,,XX2,134,R&B,Trap Soul,129,C# Minor,2018/10/02
2023/02/03,Hold you up (feat. Annahstasia & Steven Bamidele),KayCyy,"Annahstasia, Steven Bamidele",Get Used To It ,236,Soul,Alternative Soul,200,A# Minor,2022/06/02
2023/02/03,Summer Bummer (feat. A$AP Rocky & Playboi Carti),Lana Del Rey,"A$AP Rocky, Playboi Carti",Lust for Life,260,Pop,Indie Pop,135,C# Major,2017/07/21
2023/02/03,Don't Panic,Lyfe Harris,,Don't Panic,112,R&B,Trap Soul,108,A# Minor,2020/01/06
2023/02/03,Dark Hearted,Freddie Gibbs,,$oul $old $eparately,205,Hip-Hop,Rap,96,D# Minor,2022/09/30
2023/02/04,Summer Bummer (feat. A$AP Rocky & Playboi Carti),Lana Del Rey,"A$AP Rocky, Playboi Carti",Lust for Life,260,Pop,Indie Pop,135,C# Major,2017/07/21
2023/02/04,Cash Flow,TYuS,,Cash Flow,194,R&B,Trap Soul,99,G# Major,2015/11/24
2023/02/04,Wus Good / Curious,PARTYNEXTDOOR,,PARTYNEXTDOOR,212,R&B,Trap Soul,83,B Major,2013/07/01
2023/02/04,The Party & The After Party,The Weeknd,,Trilogy,459,R&B,Alternative R&B,204,F Minor,2012/11/13
2023/02/04,Recognize (feat. Drake),PARTYNEXTDOOR,Drake,PARTYNEXTDOOR TWO,311,R&B,Trap Soul,120,D Major,2014/07/29
2023/02/04,The Fall,The Weeknd,,Trilogy,345,R&B,Alternative R&B,75,C# Major,2012/11/13
2023/02/04,Break From Toronto,PARTYNEXTDOOR,,PARTYNEXTDOOR,99,R&B,Trap Soul,117,A Major,2013/07/01
2023/02/04,Shotgun,Future,,SAVE ME,258,R&B,Trap Soul,128,D Major,2019/06/07
2023/02/04,Rebel,Norman Perry,,Way Darker This Time,153,R&B,Trap Soul,125,D# Minor,2020/04/10
2023/02/04,Sky,Playboi Carti,,Whole Lotta Red,193,Hip-Hop,Vapor Trap,140,D Major,2020/12/25
2023/02/04,Kinda Like It,Black Atlass,,Pain & Pleasure,265,R&B,Alternative R&B,83,B Minor,2018/07/12
2023/02/04,Bentley Keys,Lyfe Harris,,Bentley Keys,145,R&B,Trap Soul,108,F Minor,2020/10/23
2023/02/04,Nobody Knows,PLAZA,,Nocturnes,254,R&B,Alternative R&B,147,C Minor,2021/10/01
2023/02/04,I Want You,Artie J,,I Hate Pretty Girls,187,R&B,Trap Soul,110,C# Major,2020/02/16
2023/02/04,Money Mission (Unplugged),Lyfe Harris,,Money Mission (Unplugged),196,R&B,Trap Soul,144,F Major,2021/08/13
2023/02/04,Backseat,Joe Trufant,,Fall Through 2,209,R&B,Contemporary R&B,102,D Minor,2020/04/10
2023/02/04,I Want Her Too,Artie J,,Emotional Indulgence,172,R&B,Trap Soul,90,B Minor,2021/10/08
2023/02/04,Hamptons,Lyfe Harris,,Hamptons,168,R&B,Trap Soul,97,C# Minor,2020/09/24
2023/02/04,Cash Flow,TYuS,,Cash Flow,194,R&B,Trap Soul,99,G# Major,2015/11/24
2023/02/04,Don't Panic,Lyfe Harris,,Don't Panic,112,R&B,Trap Soul,108,A# Minor,2020/01/06
2023/02/04,Remembrance,Lyfe Harris,,Remembrance,158,R&B,Trap Soul,194,D# Minor,2021/09/01
2023/02/04,Top Floor,Lyfe Harris,,Since We're Here,126,R&B,Trap Soul,106,C# Minor,2020/04/04
2023/02/04,Doll House,Lyfe Harris,,Since We're Here,135,R&B,Trap Soul,108,G Major,2020/04/04
2023/02/04,Medals,Lyfe Harris,,Since We're Here,148,R&B,Trap Soul,102,102,2020/04/04
2023/02/04,Pawn,Lyfe Harris,,Since We're Here,153,R&B,Trap Soul,100,E Major,2020/04/04
2023/02/04,High For This,The Weeknd,,Trilogy,247,R&B,Alternative R&B,75,B Minor,2012/11/13
2023/02/04,What You Need,The Weeknd,,Trilogy,196,R&B,Alternative R&B,134,C Minor,2012/11/13
2023/02/04,House of Balloons / Glass Table Girls,The Weeknd,,Trilogy,405,R&B,Alternative R&B,89,C Major,2012/11/13
2023/02/04,The Morning,The Weeknd,,Trilogy,312,R&B,Alternative R&B,120,F# Minor,2012/11/13
2023/02/04,Wicked Games,The Weeknd,,Trilogy,323,R&B,Alternative R&B,114,A Major,2012/11/13
2023/02/04,The Party & The After Party,The Weeknd,,Trilogy,459,R&B,Alternative R&B,204,F Minor,2012/11/13
2023/02/04,Coming Down,The Weeknd,,Trilogy,295,R&B,Alternative R&B,121,D Minor,2012/11/13
2023/02/04,Loft Music,The Weeknd,,Trilogy,363,R&B,Alternative R&B,172,F# Minor,2012/11/13
2023/02/04,The Knowing,The Weeknd,,Trilogy,340,R&B,Alternative R&B,86,F# Minor,2012/11/13
2023/02/04,Twenty Eight,The Weeknd,,Trilogy,258,R&B,Alternative R&B,130,D# Minor,2012/11/13
2023/02/04,Reason,PLAZA,,One,241,R&B,Alternative R&B,174,C Major,2016/08/29
2023/02/04,Heartbreaker,Tilladre,,Heartbreaker,234,R&B,Alternative R&B,82,A Major,2020/08/28
2023/02/04,Salty,Lyfe Harris,,Since We're Here,134,R&B,Trap Soul,94,C# Minor,2020/04/04
2023/02/04,Loft Music,The Weeknd,,Trilogy,363,R&B,Alternative R&B,172,F# Minor,2012/11/13
2023/02/04,Streams,LVNDVN,,Streams,240,R&B,Alternative R&B,120,F Minor,2019/11/22
2023/02/04,Sundress,A$AP Rocky,,Sundress,158,Rock,Psychadelic Rock,125,F# Major,2018/11/20
2023/02/04,Fly Gyal,Artie J,,Emotional Indulgence,180,R&B,Trap Soul,140,B Minor,2021/10/08
2023/02/04,Single,The Neighbourhood,,Wiped Out!,262,Rock,Alternative Rock,54,D Minor,2015/10/30
2023/02/04,FWM,Tone Stith,,FWM,196,R&B,Contemporary R&B,142,G Minor,2021/06/11
2023/02/04,Pain & Pleasure,Black Atlass,,Pain & Pleasure,194,R&B,Alternative R&B,151,C# Minor,2018/07/12
2023/02/04,Waterfalls,LVNDVN,,Moon Lit District,214,R&B,Alternative R&B,151,A Minor,2017/09/15
2023/02/04,Love You Again,PLAZA,,SHADOW,281,R&B,Alternative R&B,138,B Minor,2017/06/11
2023/02/04,I Want Her Too,Artie J,,Emotional Indulgence,172,R&B,Trap Soul,90,B Minor,2021/10/08
2023/02/05,Recognize (feat. Drake),PARTYNEXTDOOR,Drake,PARTYNEXTDOOR TWO,311,R&B,Trap Soul,120,D Major,2014/07/29
2023/02/05,The Fall,The Weeknd,,Trilogy,345,R&B,Alternative R&B,75,C# Major,2012/11/13
2023/02/05,Tell Your Friends,The Weeknd,,Beauty Behind The Madness,334,R&B,Contemporary R&B,75,C# Minor,2015/08/28
2023/02/05,Party Monster,The Weeknd,,Starboy,249,Pop,Electropop,78,C# Major,2016/11/25
2023/02/05,Moon Lit District,LVNDVN,,Moon Lit District,295,R&B,Alternative R&B,112,A# Minor,2017/09/15
2023/02/05,The Knowing,The Weeknd,,Trilogy,340,R&B,Alternative R&B,86,F# Minor,2012/11/13
2023/02/05,Salty,Lyfe Harris,,Since We're Here,134,R&B,Trap Soul,94,C# Minor,2020/04/04
2023/02/05,Use Me,PLAZA,,Nocturnes,238,R&B,Alternative R&B,147,B Minor,2021/10/01
2023/02/05,Doll House,Lyfe Harris,,Since We're Here,135,R&B,Trap Soul,108,G Major,2020/04/04
2023/02/05,You Know,Lyfe Harris,,Nothing New,179,R&B,Trap Soul,89,F Minor,2021/02/10
2023/02/05,Find Her,Lyfe Harris,,Nothing New,133,R&B,Trap Soul,89,F# Minor,2021/02/10
2023/02/05,Summer Bummer (feat. A$AP Rocky & Playboi Carti),Lana Del Rey,"A$AP Rocky, Playboi Carti",Lust for Life,260,Pop,Indie Pop,135,C# Major,2017/07/21
2023/02/05,R.I.P.,Playboi Carti,,Die Lit,192,Hip-Hop,Vapor Trap,140,G# Major,2018/05/11
2023/02/05,DOMINO,Thouxanbanfauni,,CLAIRVOYANCE,122,Hip-Hop,Vapor Trap,133,G Minor,2020/07/21
2023/02/05,Sky,Playboi Carti,,Whole Lotta Red,193,Hip-Hop,Vapor Trap,140,D Major,2020/12/25
2023/02/05,Don't Panic,Lyfe Harris,,Don't Panic,112,R&B,Trap Soul,108,A# Minor,2020/01/06
2023/02/05,Multiply (feat. Juicy J),A$AP Rocky,Juicy J,Multiply (feat. Juicy J),223,Hip-Hop,Rap,115,C Major,2014/10/07
2023/02/05,Excuse Me,A$AP Rocky,,AT.LONG.LAST.A$AP,238,Hip-Hop,Psychadelic Hip-Hop,122,G# Major,2015/05/26
2023/02/05,FWU,Artie J,,Trap Girls Club,201,R&B,Trap Soul,134,A# Minor,2021/01/10
2023/02/05,Bentley Keys,Lyfe Harris,,Bentley Keys,145,R&B,Trap Soul,108,F Minor,2020/10/23
2023/02/05,FREAK IN YOU,PARTYNEXTDOOR,,COLOURS 2,272,R&B,Contemporary R&B,87,C# Major,2017/06/02
2023/02/05,Summer Bummer (feat. A$AP Rocky & Playboi Carti),Lana Del Rey,"A$AP Rocky, Playboi Carti",Lust for Life,260,Pop,Indie Pop,135,C# Major,2017/07/21
2023/02/05,Don't Panic,Lyfe Harris,,Don't Panic,112,R&B,Trap Soul,108,A# Minor,2020/01/06
2023/02/05,Streams,LVNDVN,,Streams,240,R&B,Alternative R&B,120,F Minor,2019/11/22
2023/02/05,Moon Lit District,LVNDVN,,Moon Lit District,295,R&B,Alternative R&B,112,A# Minor,2017/09/15
2023/02/05,Loft Music,The Weeknd,,Trilogy,363,R&B,Alternative R&B,172,F# Minor,2012/11/13
2023/02/05,Top Floor,Lyfe Harris,,Since We're Here,126,R&B,Trap Soul,106,C# Minor,2020/04/04
2023/02/05,Stick Talk,Future,,DS2 (Deluxe),171,Hip-Hop,Trap,160,G Major,2015/07/17
2023/02/05,Break From Toronto,PARTYNEXTDOOR,,PARTYNEXTDOOR,99,R&B,Trap Soul,117,A Major,2013/07/01
2023/02/05,Find Her,Lyfe Harris,,Nothing New,133,R&B,Trap Soul,89,F# Minor,2021/02/10
2023/02/05,Serial Killer,Lyfe Harris,,Nothing New,202,R&B,Trap Soul,110,F Minor,2021/02/10
2023/02/05,You Know,Lyfe Harris,,Nothing New,179,R&B,Trap Soul,89,F Minor,2021/02/10
2023/02/05,Don't Panic,Lyfe Harris,,Don't Panic,112,R&B,Trap Soul,108,A# Minor,2020/01/06
2023/02/05,Love You Again,PLAZA,,SHADOW,281,R&B,Alternative R&B,138,B Minor,2017/06/11
2023/02/05,Turn On Me,Future,,HNDRXX,264,Hip-Hop,Trap,127,B Major,2017/07/27
2023/02/05,The Party & The After Party,The Weeknd,,Trilogy,459,R&B,Alternative R&B,204,F Minor,2012/11/13
2023/02/05,Water,PLAZA,,One,181,R&B,Alternative R&B,104,C# Minor,2016/08/29
2023/02/05,The Knowing,The Weeknd,,Trilogy,340,R&B,Alternative R&B,86,F# Minor,2012/11/13
2023/02/05,Lie To Me,Black Atlass,,Dream Awake,210,R&B,Alternative R&B,158,B Minor,2020/04/03
2023/02/05,Loft Music,The Weeknd,,Trilogy,363,R&B,Alternative R&B,172,F# Minor,2012/11/13
2023/02/05,Break From Toronto,PARTYNEXTDOOR,,PARTYNEXTDOOR,99,R&B,Trap Soul,117,A Major,2013/07/01
2023/02/05,Still Alive,PLAZA,,Nocturnes,198,R&B,Alternative R&B,147,G Minor,2021/10/01
2023/02/05,Salty,Lyfe Harris,,Since We're Here,134,R&B,Trap Soul,94,C# Minor,2020/04/04
2023/02/05,Wus Good / Curious,PARTYNEXTDOOR,,PARTYNEXTDOOR,212,R&B,Trap Soul,83,B Major,2013/07/01
2023/02/05,Use Me,PLAZA,,Nocturnes,238,R&B,Alternative R&B,147,B Minor,2021/10/01
2023/02/05,Locations,LVNDVN,,HYPRWRLD,219,R&B,Alternative R&B,92,B Minor,2019/04/12
2023/02/05,Cash Flow,TYuS,,Cash Flow,194,R&B,Trap Soul,99,G# Major,2015/11/24
2023/02/05,Phone Me,Che Ecru,,Phone Me,134,R&B,Indie R&B,87,B Minor,2019/06/27
2023/02/05,I Want Her Too,Artie J,,Emotional Indulgence,172,R&B,Trap Soul,90,B Minor,2021/10/08
2023/02/05,Unwanted,Artie J,,Emotional Indulgence,250,R&B,Trap Soul,118,C# Minor,2021/10/08
2023/02/05,Missing You,Artie J,,Emotional Indulgence,247,R&B,Trap Soul,62,F# Minor,2021/10/08
2023/02/06,Kinda Like It,Black Atlass,,Pain & Pleasure,265,R&B,Alternative R&B,83,B Minor,2018/07/12
2023/02/06,Single,The Neighbourhood,,Wiped Out!,262,Rock,Alternative Rock,54,D Minor,2015/10/30
2023/02/06,In Too Deep,Artie J,,Trap Girls Club,271,R&B,Trap Soul,152,A# Minor,2021/01/10
2023/02/06,More 2 Us,TYuS,,More 2 Us,228,R&B,Trap Soul,74,F# Minor,2020/06/16
2023/02/06,Stick Talk,Future,,DS2 (Deluxe),171,Hip-Hop,Trap,160,G Major,2015/07/17
2023/02/06,Where Ya At (feat. Drake),Future,Drake,DS2 (Deluxe),208,Hip-Hop,Trap,162,C# Major,2015/07/17
2023/02/06,Get Even,PLAZA,,Nocturnes,200,R&B,Alternative R&B,155,F Minor,2021/10/01
2023/02/06,R.I.P. 2 My Youth,The Neighbourhood,,Wiped Out!,205,Rock,Alternative Rock,94,G Minor,2015/10/30
2023/02/06,You Know,Lyfe Harris,,Nothing New,179,R&B,Trap Soul,89,F Minor,2021/02/10
2023/02/06,Find Her,Lyfe Harris,,Nothing New,133,R&B,Trap Soul,89,F# Minor,2021/02/10
2023/02/06,Heartbreaker,Tilladre,,Heartbreaker,234,R&B,Alternative R&B,82,A Major,2020/08/28
2023/02/06,Twenty Eight,The Weeknd,,Trilogy,258,R&B,Alternative R&B,130,D# Minor,2012/11/13
2023/02/06,Often,The Weeknd,,Beauty Behind The Madness,249,R&B,Alternative R&B,134,G Minor,2015/08/28
2023/02/06,The Zone,The Weeknd,Drake,Trilogy,418,R&B,Alternative R&B,140,D# Minor,2012/11/13
2023/02/06,Government Official,Future,,SAVE ME,150,Hip-Hop,Trap,145,C# Major,2019/06/07
2023/02/06,brand new,Alley,"Lev, Svi",brand new,212,R&B,Trap Soul,134,E Minor,2022/01/28
2023/02/06,WAIT FOR U (feat. Drake & Tems),Future,"Drake, Tems",I NEVER LIKED YOU,189,Hip-Hop,Trap,83,C# Major,2022/04/29
2023/02/06,Live For,The Weeknd,Drake,Kiss Land,222,R&B,Alternative R&B,76,C Major,2013/01/01
2023/02/06,Party Monster,The Weeknd,,Starboy,249,Pop,Electropop,78,C# Major,2016/11/25
2023/02/06,The Knowing,The Weeknd,,Trilogy,340,R&B,Alternative R&B,86,F# Minor,2012/11/13
2023/02/06,MAFIA,Travis Scott,,ESCAPE PLAN / MAFIA,240,Hip-Hop,Trap,110,C Minor,2021/11/05
2023/02/06,White Dress,Lana Del Rey,,Chemtrails Over The Country Club,333,Pop,Indie Pop,123,C Major,2021/03/19
2023/02/06,Hold you up (feat. Annahstasia & Steven Bamidele),KayCyy,"Annahstasia, Steven Bamidele",Get Used To It ,236,Soul,Alternative Soul,200,A# Minor,2022/06/02
2023/02/06,Let The Smokers Shine The Coupes,Pusha T,,It's Almost Dry,150,Hip-Hop,Rap,99,C# Major,2022/04/22
2023/02/06,Diet Coke,Pusha T,,It's Almost Dry,180,Hip-Hop,Rap,164,A# Minor,2022/04/22
2023/02/06,Mask Off,Future,,FUTURE,204,Hip-Hop,Trap,150,D Major,2017/06/30
2023/02/06,FREAK IN YOU,PARTYNEXTDOOR,,COLOURS 2,272,R&B,Contemporary R&B,87,C# Major,2017/06/02
2023/02/07,Government Official,Future,,SAVE ME,150,Hip-Hop,Trap,145,C# Major,2019/06/07
2023/02/07,Massage In My Room,Future,,FUTURE,155,Hip-Hop,Trap,76,C# Major,2017/06/30
2023/02/07,No Romance,Lyfe Harris,,Since We're Here,137,R&B,Trap Soul,105,G Major,2020/04/04
2023/02/07,Mission,Norman Perry,,Way Darker This Time,127,R&B,Trap Soul,136,F# Minor,2020/04/10
2023/02/07,Medals,Lyfe Harris,,Since We're Here,148,R&B,Trap Soul,102,102,2020/04/04
2023/02/07,Uncontrollable,Artie J,,Emotional Indulgence,141,R&B,Trap Soul,112,A# Major,2021/10/08
2023/02/07,Fly Gyal,Artie J,,Emotional Indulgence,180,R&B,Trap Soul,140,B Minor,2021/10/08
2023/02/07,Backseat,Joe Trufant,,Fall Through 2,209,R&B,Contemporary R&B,102,D Minor,2020/04/10
2023/02/07,Recognize (feat. Drake),PARTYNEXTDOOR,Drake,PARTYNEXTDOOR TWO,311,R&B,Trap Soul,120,D Major,2014/07/29
2023/02/07,Break From Toronto,PARTYNEXTDOOR,,PARTYNEXTDOOR,99,R&B,Trap Soul,117,A Major,2013/07/01
2023/02/07,Extra,Future,,SAVE ME,173,Hip-Hop,Trap,106,G# Minor,2019/06/07
2023/02/07,Redbone,Era,,Redbone,179,R&B,Trap Soul,91,C# Minor,2020/03/20
2023/02/07,Where Ya At (feat. Drake),Future,Drake,DS2 (Deluxe),208,Hip-Hop,Trap,162,C# Major,2015/07/17
2023/02/07,Mask Off,Future,,FUTURE,204,Hip-Hop,Trap,150,D Major,2017/06/30
2023/02/07,Lie To Me,Black Atlass,,Dream Awake,210,R&B,Alternative R&B,158,B Minor,2020/04/03
2023/02/07,Run This,PLAZA,,SHADOW,233,R&B,Alternative R&B,114,D# Minor,2017/06/11
2023/02/07,MEDICINE,Lyfe Harris,,ENIGMA,163,R&B,Trap Soul,85,F# Minor,2022/02/18
2023/02/07,Stick Talk,Future,,DS2 (Deluxe),171,Hip-Hop,Trap,160,G Major,2015/07/17
2023/02/07,Belong To The World,The Weeknd,,Kiss Land,307,R&B,Alternative R&B,121,F Minor,2013/01/01
2023/02/07,Live For,The Weeknd,Drake,Kiss Land,222,R&B,Alternative R&B,76,C Major,2013/01/01
2023/02/07,Diamond,Norman Perry,,XX2,134,R&B,Trap Soul,129,C# Minor,2018/10/02
2023/02/07,WAIT FOR U (feat. Drake & Tems),Future,"Drake, Tems",I NEVER LIKED YOU,189,Hip-Hop,Trap,83,C# Major,2022/04/29
2023/02/07,Bad Neighbors,K. Forest,,Welcome to the Wildfire,160,R&B,Contemporary R&B,120,D# Minor,2021/03/19
2023/02/07,Low Life (feat. The Weeknd),Future,The Weeknd,EVOL,313,Hip-Hop,Trap,144,G# Major,2016/04/13
2023/02/07,Hold you up (feat. Annahstasia & Steven Bamidele),KayCyy,"Annahstasia, Steven Bamidele",Get Used To It ,236,Soul,Alternative Soul,200,A# Minor,2022/06/02
2023/02/07,404,Lyfe Harris,,ENIGMA,156,R&B,Trap Soul,89,G Major,2022/02/18
2023/02/07,Don't Panic,Lyfe Harris,,Don't Panic,112,R&B,Trap Soul,108,A# Minor,2020/01/06
2023/02/07,MTFU,6LACK,,FREE 6LACK,208,R&B,Trap Soul,112,A# Minor,2016/11/18
2023/02/07,Like That,Norman Perry,,XX2,240,R&B,Trap Soul,90,B Minor,2018/10/02
2023/02/08,Kiss Land,The Weeknd,,Kiss Land,455,R&B,Alternative R&B,122,B Minor,2013/01/01
2023/02/08,The Fall,The Weeknd,,Trilogy,345,R&B,Alternative R&B,75,C# Major,2012/11/13
2023/02/08,WEST DISTRICT,PARTYNEXTDOOR,,PARTYPACK,303,R&B,Trap Soul,95,C# Major,2020/10/16
2023/02/08,Loft Music,The Weeknd,,Trilogy,363,R&B,Alternative R&B,172,F# Minor,2012/11/13
2023/02/08,Water,PLAZA,,One,181,R&B,Alternative R&B,104,C# Minor,2016/08/29
2023/02/08,Heartbreaker,Tilladre,,Heartbreaker,234,R&B,Alternative R&B,82,A Major,2020/08/28
2023/02/08,Bad Neighbors,K. Forest,,Welcome to the Wildfire,160,R&B,Contemporary R&B,120,D# Minor,2021/03/19
2023/02/08,Cash Flow,TYuS,,Cash Flow,194,R&B,Trap Soul,99,G# Major,2015/11/24
2023/02/08,Party Monster,The Weeknd,,Starboy,249,Pop,Electropop,78,C# Major,2016/11/25
2023/02/08,Summer Bummer (feat. A$AP Rocky & Playboi Carti),Lana Del Rey,"A$AP Rocky, Playboi Carti",Lust for Life,260,Pop,Indie Pop,135,C# Major,2017/07/21
2023/02/08,Lie To Me,Black Atlass,,Dream Awake,210,R&B,Alternative R&B,158,B Minor,2020/04/03
2023/02/08,You Know,Lyfe Harris,,Nothing New,179,R&B,Trap Soul,89,F Minor,2021/02/10
2023/02/08,Reason,PLAZA,,One,241,R&B,Alternative R&B,174,C Major,2016/08/29
2023/02/08,I Want Her Too,Artie J,,Emotional Indulgence,172,R&B,Trap Soul,90,B Minor,2021/10/08
2023/02/08,the BLACK seminole.,Lil Yatchy,,Let’s Start Here,411,Rock,Psychadelic Rock,114,A Minor,2023/01/27
2023/02/08,the ride-,Lil Yatchy,,Let’s Start Here,190,Rock,Psychadelic Rock,152,C# Minor,2023/01/27
2023/02/08,running out of time,Lil Yatchy,,Let’s Start Here,269,Rock,Psychadelic Rock,90,A Major,2023/01/27
2023/02/08,pRETTy,Lil Yatchy,,Let’s Start Here,162,Rock,Psychadelic Rock,128,F Major,2023/01/27
2023/02/08,:(failure(:,Lil Yatchy,,Let’s Start Here,167,Rock,Psychadelic Rock,142,F Minor,2023/01/27
2023/02/08,pRETTy,Lil Yatchy,,Let’s Start Here,162,Rock,Psychadelic Rock,128,F Major,2023/01/27
2023/02/08,Sundress,A$AP Rocky,,Sundress,158,Rock,Psychadelic Rock,125,F# Major,2018/11/20
2023/02/08,DOMINO,Thouxanbanfauni,,CLAIRVOYANCE,122,Hip-Hop,Vapor Trap,133,G Minor,2020/07/21
2023/02/08,AMERICAN MUSCLE,Thouxanbanfauni,,CLAIRVOYANCE,156,Hip-Hop,Vapor Trap,160,A# Minor,2020/07/21
2023/02/08,ULTRA VIOLET,Thouxanbanfauni,,CLAIRVOYANCE,157,Hip-Hop,Vapor Trap,160,C# Minor,2020/07/21
2023/02/08,Miss The Rage (feat. Playboi Carti),Trippie Redd,Playboi Carti,Trip At Knight (Complete Edition),236,Hip-Hop,Vapor Trap,77,G# Major,2021/08/21
2023/02/08,R.I.P.,Playboi Carti,,Die Lit,192,Hip-Hop,Vapor Trap,140,G# Major,2018/05/11
2023/02/08,Fell In Luv (feat. Bryson Tiller),Playboi Carti,Bryson Tiller,Die Lit,206,Hip-Hop,Vapor Trap,163,D Major,2018/05/11
2023/02/08,Self-Made,Bryson Tiller,,True to Self,167,Hip-Hop,Trap,143,G Minor,2017/05/26
2023/02/08,Exchange,Bryson Tiller,,T R A P S O U L,194,R&B,Trap Soul,160,F# Major,2015/10/02
2023/02/08,MTFU,6LACK,,FREE 6LACK,208,R&B,Trap Soul,112,A# Minor,2016/11/18
2023/02/08,PRBLMS,6LACK,,FREE 6LACK,246,R&B,Trap Soul,69,A Major,2016/11/18
2023/02/08,Between Us (feat. 21 Savage),TYuS,21 Savage,Between Us (feat. 21 Savage),263,R&B,Trap Soul,111,C# Major,2017/06/30
2023/02/08,Cash Flow,TYuS,,Cash Flow,194,R&B,Trap Soul,99,G# Major,2015/11/24
2023/02/08,DOMINO,Thouxanbanfauni,,CLAIRVOYANCE,122,Hip-Hop,Vapor Trap,133,G Minor,2020/07/21
2023/02/09,Stick (with JID & J. Cole feat. Kenny Mason & Sheck Wes),Dreamville,"JID, J. Cole, Kenny Mason, Sheck Wes",D-Day: A Gangsta Grillz Mixtape,309,Hip-Hop,Trap,119,G Major,2022/03/31
2023/02/09,Diamond,Norman Perry,,XX2,134,R&B,Trap Soul,129,C# Minor,2018/10/02
2023/02/09,MAFIA,Travis Scott,,ESCAPE PLAN / MAFIA,240,Hip-Hop,Trap,110,C Minor,2021/11/05
2023/02/09,Live For,The Weeknd,Drake,Kiss Land,222,R&B,Alternative R&B,76,C Major,2013/01/01
2023/02/09,Party Monster,The Weeknd,,Starboy,249,Pop,Electropop,78,C# Major,2016/11/25
2023/02/09,Exchange,Bryson Tiller,,T R A P S O U L,194,R&B,Trap Soul,160,F# Major,2015/10/02
2023/02/09,404,Lyfe Harris,,ENIGMA,156,R&B,Trap Soul,89,G Major,2022/02/18
2023/02/09,Belong To The World,The Weeknd,,Kiss Land,307,R&B,Alternative R&B,121,F Minor,2013/01/01
2023/02/09,Bad Neighbors,K. Forest,,Welcome to the Wildfire,160,R&B,Contemporary R&B,120,D# Minor,2021/03/19
2023/02/09,Diet Coke,Pusha T,,It's Almost Dry,180,Hip-Hop,Rap,164,A# Minor,2022/04/22
2023/02/09,WAIT FOR U (feat. Drake & Tems),Future,"Drake, Tems",I NEVER LIKED YOU,189,Hip-Hop,Trap,83,C# Major,2022/04/29
2023/02/09,White Dress,Lana Del Rey,,Chemtrails Over The Country Club,333,Pop,Indie Pop,123,C Major,2021/03/19
2023/02/09,Mask Off,Future,,FUTURE,204,Hip-Hop,Trap,150,D Major,2017/06/30
2023/02/09,White Dress,Lana Del Rey,,Chemtrails Over The Country Club,333,Pop,Indie Pop,123,C Major,2021/03/19
2023/02/09,MTFU,6LACK,,FREE 6LACK,208,R&B,Trap Soul,112,A# Minor,2016/11/18
2023/02/09,Pretty Little Fears (feat. J. Cole),6LACK,J. Cole,East Atlanta Love Letter,240,R&B,Trap Soul,192,A Major,2018/09/14
2023/02/09,Never Know,6LACK,,FREE 6LACK,249,R&B,Trap Soul,95,F Minor,2016/11/18
2023/02/09,Rules,6LACK,,FREE 6LACK,211,R&B,Trap Soul,147,G# Minor,2016/11/18
2023/02/09,PRBLMS,6LACK,,FREE 6LACK,246,R&B,Trap Soul,69,A Major,2016/11/18
2023/02/09,Free,6LACK,,FREE 6LACK,263,R&B,Trap Soul,124,D Major,2016/11/18
2023/02/09,Learn Ya,6LACK,,FREE 6LACK,215,R&B,Trap Soul,82,C Minor,2016/11/18
2023/02/09,MTFU,6LACK,,FREE 6LACK,208,R&B,Trap Soul,112,A# Minor,2016/11/18
2023/02/09,Luving U,6LACK,,FREE 6LACK,252,R&B,Trap Soul,122,A# Major,2016/11/18
2023/02/09,High For This,The Weeknd,,Trilogy,247,R&B,Alternative R&B,75,B Minor,2012/11/13
2023/02/09,Kiss Land,The Weeknd,,Kiss Land,455,R&B,Alternative R&B,122,B Minor,2013/01/01
2023/02/09,Summer Sauga,Hiddenhillsforever,,Summer Sauga,227,R&B,Trap Soul,90,A# Minor,2021/09/03
2023/02/09,Endless,Hiddenhillsforever,,Hell Of A Night,208,Hip-Hop,Trap,157,D Major,2021/05/07
2023/02/09,Hold Up,PLAZA,,One,182,R&B,Alternative R&B,127,D Minor,2016/08/29
2023/02/09,pRETTy,Lil Yatchy,,Let’s Start Here,162,Rock,Psychadelic Rock,128,F Major,2023/01/27
2023/02/09,Decisions,Lyfe Harris,,Decisions,168,R&B,Trap Soul,110,F# Minor,2020/02/17
2023/02/09,You Know,Lyfe Harris,,Nothing New,179,R&B,Trap Soul,89,F Minor,2021/02/10
2023/02/09,Full Speed Ahead,Lyfe Harris,,Nothing New,176,R&B,Trap Soul,154,G Minor,2021/02/10
2023/02/09,Serial Killer,Lyfe Harris,,Nothing New,202,R&B,Trap Soul,110,F Minor,2021/02/10
2023/02/09,Find Her,Lyfe Harris,,Nothing New,133,R&B,Trap Soul,89,F# Minor,2021/02/10
2023/02/09,Designer,Lyfe Harris,,Nothing New,198,R&B,Trap Soul,144,F# Minor,2021/02/10
2023/02/09,Emotion,Lyfe Harris,,Nothing New,214,R&B,Trap Soul,119,C# Minor,2021/02/10
2023/02/09,After Dollars Interlude,Lyfe Harris,,Nothing New,148,R&B,Trap Soul,97,F Minor,2021/02/10
2023/02/10,PRBLMS,6LACK,,FREE 6LACK,246,R&B,Trap Soul,69,A Major,2016/11/18
2023/02/10,Never Know,6LACK,,FREE 6LACK,249,R&B,Trap Soul,95,F Minor,2016/11/18
2023/02/10,MTFU,6LACK,,FREE 6LACK,208,R&B,Trap Soul,112,A# Minor,2016/11/18
2023/02/10,Glock Six - Bonus,6LACK,,FREE 6LACK,190,R&B,Trap Soul,83,B Minor,2016/11/18
2023/02/10,Endless,Hiddenhillsforever,,Hell Of A Night,208,Hip-Hop,Trap,157,D Major,2021/05/07
2023/02/10,pRETTy,Lil Yatchy,,Let’s Start Here,162,Rock,Psychadelic Rock,128,F Major,2023/01/27
2023/02/10,DOMINO,Thouxanbanfauni,,CLAIRVOYANCE,122,Hip-Hop,Vapor Trap,133,G Minor,2020/07/21
2023/02/10,R.I.P.,Playboi Carti,,Die Lit,192,Hip-Hop,Vapor Trap,140,G# Major,2018/05/11
2023/02/10,Sky,Playboi Carti,,Whole Lotta Red,193,Hip-Hop,Vapor Trap,140,D Major,2020/12/25
2023/02/10,Summer Bummer (feat. A$AP Rocky & Playboi Carti),Lana Del Rey,"A$AP Rocky, Playboi Carti",Lust for Life,260,Pop,Indie Pop,135,C# Major,2017/07/21
2023/02/10,A$AP Forever (feat. Moby),A$AP Rocky,Moby,A$AP Forever (feat. Moby),233,Hip-Hop,Experimental Hip-Hop,126,A# Minor,2018/04/05
2023/02/10,Changes,A$AP Rocky,,TESTING,314,Hip-Hop,Experimental Hip-Hop,137,D# Major,2018/05/25
2023/02/10,More 2 Us,TYuS,,More 2 Us,228,R&B,Trap Soul,74,F# Minor,2020/06/16
2023/02/10,Water,PLAZA,,One,181,R&B,Alternative R&B,104,C# Minor,2016/08/29
2023/02/10,All Night,PLAZA,,One,201,R&B,Alternative R&B,113,A# Major,2016/08/29
2023/02/10,Lie To Me,Black Atlass,,Dream Awake,210,R&B,Alternative R&B,158,B Minor,2020/04/03
2023/02/10,Designer,Lyfe Harris,,Nothing New,198,R&B,Trap Soul,144,F# Minor,2021/02/10
2023/02/10,Locations,LVNDVN,,HYPRWRLD,219,R&B,Alternative R&B,92,B Minor,2019/04/12
2023/02/10,Use Me,PLAZA,,Nocturnes,238,R&B,Alternative R&B,147,B Minor,2021/10/01
2023/02/10,Get Even,PLAZA,,Nocturnes,200,R&B,Alternative R&B,155,F Minor,2021/10/01
2023/02/10,Love You Again,PLAZA,,SHADOW,281,R&B,Alternative R&B,138,B Minor,2017/06/11
2023/02/10,Coming Down,The Weeknd,,Trilogy,295,R&B,Alternative R&B,121,D Minor,2012/11/13
2023/02/10,Someone Else,Norman Perry,,Way Darker This Time,185,R&B,Trap Soul,89,A# Minor,2020/04/10
2023/02/10,Bentley Keys,Lyfe Harris,,Bentley Keys,145,R&B,Trap Soul,108,F Minor,2020/10/23
2023/02/10,Rebel,Norman Perry,,Way Darker This Time,153,R&B,Trap Soul,125,D# Minor,2020/04/10
2023/02/10,Chasing,Artie J,,I Hate Pretty Girls,218,R&B,Trap Soul,120,C# Minor,2020/02/16
2023/02/10,Decisions,Lyfe Harris,,Decisions,168,R&B,Trap Soul,110,F# Minor,2020/02/17
2023/02/11,Bentley Keys,Lyfe Harris,,Bentley Keys,145,R&B,Trap Soul,108,F Minor,2020/10/23
2023/02/11,Decisions,Lyfe Harris,,Decisions,168,R&B,Trap Soul,110,F# Minor,2020/02/17
2023/02/11,Hamptons,Lyfe Harris,,Hamptons,168,R&B,Trap Soul,97,C# Minor,2020/09/24
2023/02/11,The Party & The After Party,The Weeknd,,Trilogy,459,R&B,Alternative R&B,204,F Minor,2012/11/13
2023/02/11,Tell Your Friends,The Weeknd,,Beauty Behind The Madness,334,R&B,Contemporary R&B,75,C# Minor,2015/08/28
2023/02/11,Love You Again,PLAZA,,SHADOW,281,R&B,Alternative R&B,138,B Minor,2017/06/11
2023/02/11,Government Official,Future,,SAVE ME,150,Hip-Hop,Trap,145,C# Major,2019/06/07
2023/02/11,FALLING,Che Ecru,,PREJECTION,134,R&B,Indie R&B,100,B Minor,2020/05/15
2023/02/11,Wus Good / Curious,PARTYNEXTDOOR,,PARTYNEXTDOOR,212,R&B,Trap Soul,83,B Major,2013/07/01
2023/02/11,The Knowing,The Weeknd,,Trilogy,340,R&B,Alternative R&B,86,F# Minor,2012/11/13
2023/02/11,Love You Again,PLAZA,,SHADOW,281,R&B,Alternative R&B,138,B Minor,2017/06/11
2023/02/11,Water,PLAZA,,One,181,R&B,Alternative R&B,104,C# Minor,2016/08/29
2023/02/11,Wanting You,PLAZA,,One,240,R&B,Alternative R&B,112,F# Minor,2016/08/29
2023/02/11,Turn On Me,Future,,HNDRXX,264,Hip-Hop,Trap,127,B Major,2017/07/27
2023/02/11,Sainted,Norman Perry,,Way Darker This Time,192,R&B,Trap Soul,140,G Minor,2020/04/10
2023/02/11,Tell Your Friends,The Weeknd,,Beauty Behind The Madness,334,R&B,Contemporary R&B,75,C# Minor,2015/08/28
2023/02/11,Doll House,Lyfe Harris,,Since We're Here,135,R&B,Trap Soul,108,G Major,2020/04/04
2023/02/11,Full Speed Ahead,Lyfe Harris,,Nothing New,176,R&B,Trap Soul,154,G Minor,2021/02/10
2023/02/11,Pawn,Lyfe Harris,,Since We're Here,153,R&B,Trap Soul,100,E Major,2020/04/04
2023/02/11,Crash,PLAZA,,Crash,231,R&B,Alternative R&B,118,G Minor,2022/02/25
2023/02/11,404,Lyfe Harris,,ENIGMA,156,R&B,Trap Soul,89,G Major,2022/02/18
2023/02/11,MEDICINE,Lyfe Harris,,ENIGMA,163,R&B,Trap Soul,85,F# Minor,2022/02/18
2023/02/11,Bad Neighbors,K. Forest,,Welcome to the Wildfire,160,R&B,Contemporary R&B,120,D# Minor,2021/03/19
2023/02/11,Like That,Norman Perry,,XX2,240,R&B,Trap Soul,90,B Minor,2018/10/02
2023/02/11,Low Life (feat. The Weeknd),Future,The Weeknd,EVOL,313,Hip-Hop,Trap,144,G# Major,2016/04/13
2023/02/11,Diet Coke,Pusha T,,It's Almost Dry,180,Hip-Hop,Rap,164,A# Minor,2022/04/22
2023/02/11,The Zone,The Weeknd,Drake,Trilogy,418,R&B,Alternative R&B,140,D# Minor,2012/11/13
2023/02/11,Let The Smokers Shine The Coupes,Pusha T,,It's Almost Dry,150,Hip-Hop,Rap,99,C# Major,2022/04/22
2023/02/11,Twenty Eight,The Weeknd,,Trilogy,258,R&B,Alternative R&B,130,D# Minor,2012/11/13
2023/02/11,Diamond,Norman Perry,,XX2,134,R&B,Trap Soul,129,C# Minor,2018/10/02
2023/02/11,From The Garden (feat. Lil Uzi Vert),Isaiah Rashad,Lil Uzi Vert,The House Is Burning,189,Hip-Hop,Southern Hip-Hop,142,F# Minor,2021/07/30
2023/02/11,brand new,Alley,"Lev, Svi",brand new,212,R&B,Trap Soul,134,E Minor,2022/01/28
2023/02/11,Party Monster,The Weeknd,,Starboy,249,Pop,Electropop,78,C# Major,2016/11/25
2023/02/11,Too Many Times,Norman Perry,,XX2,200,R&B,Trap Soul,102,D Major,2018/10/02
2023/02/11,Don't Panic,Lyfe Harris,,Don't Panic,112,R&B,Trap Soul,108,A# Minor,2020/01/06
2023/02/11,Remember,PLAZA,,Nocturnes,212,R&B,Alternative R&B,122,E Minor,2021/10/01
2023/02/11,I Want Her Too,Artie J,,Emotional Indulgence,172,R&B,Trap Soul,90,B Minor,2021/10/08
2023/02/11,FREAK IN YOU,PARTYNEXTDOOR,,COLOURS 2,272,R&B,Contemporary R&B,87,C# Major,2017/06/02
2023/02/11,Never Know,6LACK,,FREE 6LACK,249,R&B,Trap Soul,95,F Minor,2016/11/18
2023/02/12,All Night,PLAZA,,One,201,R&B,Alternative R&B,113,A# Major,2016/08/29
2023/02/12,Reason,PLAZA,,One,241,R&B,Alternative R&B,174,C Major,2016/08/29
2023/02/12,Water,PLAZA,,One,181,R&B,Alternative R&B,104,C# Minor,2016/08/29
2023/02/12,Wanting You,PLAZA,,One,240,R&B,Alternative R&B,112,F# Minor,2016/08/29
2023/02/12,Again,PLAZA,,One,196,R&B,Alternative R&B,68,A Minor,2016/08/29
2023/02/12,Hold Up,PLAZA,,One,182,R&B,Alternative R&B,127,D Minor,2016/08/29
2023/02/12,Bentley Keys,Lyfe Harris,,Bentley Keys,145,R&B,Trap Soul,108,F Minor,2020/10/23
2023/02/12,Don't Panic,Lyfe Harris,,Don't Panic,112,R&B,Trap Soul,108,A# Minor,2020/01/06
2023/02/12,White Dress,Lana Del Rey,,Chemtrails Over The Country Club,333,Pop,Indie Pop,123,C Major,2021/03/19
2023/02/12,THE SUN,KayCyy,Gesaffelstein,TW20 50,188,Hip-Hop,Vapor Trap,133,G# Major,2022/03/11
2023/02/12,Hold you up (feat. Annahstasia & Steven Bamidele),KayCyy,"Annahstasia, Steven Bamidele",Get Used To It ,236,Soul,Alternative Soul,200,A# Minor,2022/06/02
2023/02/12,A$AP Forever (feat. Moby),A$AP Rocky,Moby,A$AP Forever (feat. Moby),233,Hip-Hop,Experimental Hip-Hop,126,A# Minor,2018/04/05
2023/02/12,brand new,Alley,"Lev, Svi",brand new,212,R&B,Trap Soul,134,E Minor,2022/01/28
2023/02/12,Palace,A$AP Rocky,,LIVE.LOVE.A$AP,162,Hip-Hop,East Coast Hip-Hop,134,G Major,2011/10/31
2023/02/12,pRETTy,Lil Yatchy,,Let’s Start Here,162,Rock,Psychadelic Rock,128,F Major,2023/01/27
2023/02/12,Endless,Hiddenhillsforever,,Hell Of A Night,208,Hip-Hop,Trap,157,D Major,2021/05/07
2023/02/12,DOMINO,Thouxanbanfauni,,CLAIRVOYANCE,122,Hip-Hop,Vapor Trap,133,G Minor,2020/07/21
2023/02/12,Emotion,Lyfe Harris,,Nothing New,214,R&B,Trap Soul,119,C# Minor,2021/02/10
2023/02/12,Kinda Like It,Black Atlass,,Pain & Pleasure,265,R&B,Alternative R&B,83,B Minor,2018/07/12
2023/02/12,Rebel,Norman Perry,,Way Darker This Time,153,R&B,Trap Soul,125,D# Minor,2020/04/10
2023/02/12,Nextel,Lyfe Harris,,Since We're Here,102,R&B,Trap Soul,81,A Minor,2020/04/04
2023/02/12,You Know,Lyfe Harris,,Nothing New,179,R&B,Trap Soul,89,F Minor,2021/02/10
2023/02/12,Wanting You,PLAZA,,One,240,R&B,Alternative R&B,112,F# Minor,2016/08/29
2023/02/12,Mission,Norman Perry,,Way Darker This Time,127,R&B,Trap Soul,136,F# Minor,2020/04/10
2023/02/12,Someone Else,Norman Perry,,Way Darker This Time,185,R&B,Trap Soul,89,A# Minor,2020/04/10
2023/02/12,Signals,Norman Perry,,Way Darker This Time,148,R&B,Trap Soul,84,C# Major,2020/04/10
2023/02/12,Sainted,Norman Perry,,Way Darker This Time,192,R&B,Trap Soul,140,G Minor,2020/04/10
2023/02/12,Play Your Roll,Norman Perry,,Way Darker This Time,125,R&B,Trap Soul,122,G Major,2020/04/10
2023/02/12,Vision,Norman Perry,,Way Darker This Time,131,R&B,Trap Soul,131,C# Major,2020/04/10
2023/02/12,Rebel,Norman Perry,,Way Darker This Time,153,R&B,Trap Soul,125,D# Minor,2020/04/10
2023/02/12,Like That,Norman Perry,,XX2,240,R&B,Trap Soul,90,B Minor,2018/10/02
2023/02/12,PRBLMS,6LACK,,FREE 6LACK,246,R&B,Trap Soul,69,A Major,2016/11/18
2023/02/12,White Dress,Lana Del Rey,,Chemtrails Over The Country Club,333,Pop,Indie Pop,123,C Major,2021/03/19
2023/02/12,Chemtrails Over The Country Club,Lana Del Rey,,Chemtrails Over The Country Club,271,Pop,Indie Pop,201,E Minor,2021/03/19
2023/02/12,Dark Hearted,Freddie Gibbs,,$oul $old $eparately,205,Hip-Hop,Rap,96,D# Minor,2022/09/30
2023/02/12,Stick (with JID & J. Cole feat. Kenny Mason & Sheck Wes),Dreamville,"JID, J. Cole, Kenny Mason, Sheck Wes",D-Day: A Gangsta Grillz Mixtape,309,Hip-Hop,Trap,119,G Major,2022/03/31
2023/02/12,Live For,The Weeknd,Drake,Kiss Land,222,R&B,Alternative R&B,76,C Major,2013/01/01
2023/02/12,No Idea,Don Toliver,,Heaven Or Hell,154,Hip-Hop,Pop Trap,128,F# Minor,2020/05/13
2023/02/12,Top Floor,Lyfe Harris,,Since We're Here,126,R&B,Trap Soul,106,C# Minor,2020/04/04
2023/02/12,Paranoia / #1 Stunna,FXXXXY,,Do You Trust Me?,193,Hip-Hop,Trap,113,E Minor,2020/12/11
2023/02/12,DOMINO,Thouxanbanfauni,,CLAIRVOYANCE,122,Hip-Hop,Vapor Trap,133,G Minor,2020/07/21
2023/02/12,Solo ,Future,,HNDRXX,265,Hip-Hop,Trap,111,F Minor,2017/07/27
2023/02/12,"Fine Whine (feat. Joe Fox, Future & M.I.A.)",A$AP Rocky," Joe Fox, Future, M.I.A.",AT.LONG.LAST.A$AP,218,Hip-Hop,Psychadelic Hip-Hop,114,C# Major,2015/05/26
2023/02/12,Excuse Me,A$AP Rocky,,AT.LONG.LAST.A$AP,238,Hip-Hop,Psychadelic Hip-Hop,122,G# Major,2015/05/26
2023/02/12,Prey,The Neighbourhood,,Wiped Out!,282,Rock,Alternative Rock,115,A Minor,2015/10/30
2023/02/12,pRETTy,Lil Yatchy,,Let’s Start Here,162,Rock,Psychadelic Rock,128,F Major,2023/01/27
2023/02/12,In Too Deep,Artie J,,Trap Girls Club,271,R&B,Trap Soul,152,A# Minor,2021/01/10
2023/02/12,I Want Her Too,Artie J,,Emotional Indulgence,172,R&B,Trap Soul,90,B Minor,2021/10/08
2023/02/12,Someone Else,Norman Perry,,Way Darker This Time,185,R&B,Trap Soul,89,A# Minor,2020/04/10
2023/02/12,Decisions,Lyfe Harris,,Decisions,168,R&B,Trap Soul,110,F# Minor,2020/02/17
2023/02/12,Babushka Boi,A$AP Rocky,,Babushka Boi,187,Hip-Hop,Rap,135,A# Minor,2019/08/28
2023/02/12,Single,The Neighbourhood,,Wiped Out!,262,Rock,Alternative Rock,54,D Minor,2015/10/30
2023/02/12,Still Alive,PLAZA,,Nocturnes,198,R&B,Alternative R&B,147,G Minor,2021/10/01
2023/02/12,Reason,PLAZA,,One,241,R&B,Alternative R&B,174,C Major,2016/08/29
2023/02/12,Over,PLAZA,,SHADOW,268,R&B,Alternative R&B,66,D Minor,2017/06/11
2023/02/12,A$AP Forever (feat. Moby),A$AP Rocky,Moby,A$AP Forever (feat. Moby),233,Hip-Hop,Experimental Hip-Hop,126,A# Minor,2018/04/05
2023/02/12,Like That,Norman Perry,,XX2,240,R&B,Trap Soul,90,B Minor,2018/10/02
2023/02/12,Government Official,Future,,SAVE ME,150,Hip-Hop,Trap,145,C# Major,2019/06/07
2023/02/12,Shotgun,Future,,SAVE ME,258,R&B,Trap Soul,128,D Major,2019/06/07
2023/02/12,Extra,Future,,SAVE ME,173,Hip-Hop,Trap,106,G# Minor,2019/06/07
2023/02/12,pRETTy,Lil Yatchy,,Let’s Start Here,162,Rock,Psychadelic Rock,128,F Major,2023/01/27
2023/02/13,Water,PLAZA,,One,181,R&B,Alternative R&B,104,C# Minor,2016/08/29
2023/02/13,Reason,PLAZA,,One,241,R&B,Alternative R&B,174,C Major,2016/08/29
2023/02/13,Wanting You,PLAZA,,One,240,R&B,Alternative R&B,112,F# Minor,2016/08/29
2023/02/13,Summer Bummer (feat. A$AP Rocky & Playboi Carti),Lana Del Rey,"A$AP Rocky, Playboi Carti",Lust for Life,260,Pop,Indie Pop,135,C# Major,2017/07/21
2023/02/13,Moon Lit District,LVNDVN,,Moon Lit District,295,R&B,Alternative R&B,112,A# Minor,2017/09/15
2023/02/13,The Party & The After Party,The Weeknd,,Trilogy,459,R&B,Alternative R&B,204,F Minor,2012/11/13
2023/02/13,The Knowing,The Weeknd,,Trilogy,340,R&B,Alternative R&B,86,F# Minor,2012/11/13
2023/02/13,Salty,Lyfe Harris,,Since We're Here,134,R&B,Trap Soul,94,C# Minor,2020/04/04
2023/02/13,Don't Panic,Lyfe Harris,,Don't Panic,112,R&B,Trap Soul,108,A# Minor,2020/01/06
2023/02/13,Often,The Weeknd,,Beauty Behind The Madness,249,R&B,Alternative R&B,134,G Minor,2015/08/28
2023/02/13,Find Her,Lyfe Harris,,Nothing New,133,R&B,Trap Soul,89,F# Minor,2021/02/10
2023/02/13,You Know,Lyfe Harris,,Nothing New,179,R&B,Trap Soul,89,F Minor,2021/02/10
2023/02/13,Use Me,PLAZA,,Nocturnes,238,R&B,Alternative R&B,147,B Minor,2021/10/01
2023/02/14,Backseat,Joe Trufant,,Fall Through 2,209,R&B,Contemporary R&B,102,D Minor,2020/04/10
2023/02/14,Love You Again,PLAZA,,SHADOW,281,R&B,Alternative R&B,138,B Minor,2017/06/11
2023/02/14,Rebel,Norman Perry,,Way Darker This Time,153,R&B,Trap Soul,125,D# Minor,2020/04/10
2023/02/14,Sainted,Norman Perry,,Way Darker This Time,192,R&B,Trap Soul,140,G Minor,2020/04/10
2023/02/14,Find Her,Lyfe Harris,,Nothing New,133,R&B,Trap Soul,89,F# Minor,2021/02/10
2023/02/14,I Want You,Artie J,,I Hate Pretty Girls,187,R&B,Trap Soul,110,C# Major,2020/02/16
2023/02/14,Crash,PLAZA,,Crash,231,R&B,Alternative R&B,118,G Minor,2022/02/25
2023/02/14,Low Life (feat. The Weeknd),Future,The Weeknd,EVOL,313,Hip-Hop,Trap,144,G# Major,2016/04/13
2023/02/14,Stick (with JID & J. Cole feat. Kenny Mason & Sheck Wes),Dreamville,"JID, J. Cole, Kenny Mason, Sheck Wes",D-Day: A Gangsta Grillz Mixtape,309,Hip-Hop,Trap,119,G Major,2022/03/31
2023/02/14,Bring It Back (with Mike WiLL Made-It feat. Drake),Trouble,"Mike WiLL Made-It, Drake",Edgewood (41E Edition),255,Hip-Hop,Trap,152,F# Minor,2018/10/26
2023/02/14,Passionfruit,Drake,,More Life,298,R&B,Contemporary R&B,112,B Major,2017/03/18
2023/02/14,WEST DISTRICT,PARTYNEXTDOOR,,PARTYPACK,303,R&B,Trap Soul,95,C# Major,2020/10/16
2023/02/14,Doll House,Lyfe Harris,,Since We're Here,135,R&B,Trap Soul,108,G Major,2020/04/04
2023/02/14,Break From Toronto,PARTYNEXTDOOR,,PARTYNEXTDOOR,99,R&B,Trap Soul,117,A Major,2013/07/01
2023/02/14,Mask Off,Future,,FUTURE,204,Hip-Hop,Trap,150,D Major,2017/06/30
2023/02/14,Lie To Me,Black Atlass,,Dream Awake,210,R&B,Alternative R&B,158,B Minor,2020/04/03
2023/02/14,Endless,Hiddenhillsforever,,Hell Of A Night,208,Hip-Hop,Trap,157,D Major,2021/05/07
2023/02/14,Backseat,Joe Trufant,,Fall Through 2,209,R&B,Contemporary R&B,102,D Minor,2020/04/10
2023/02/14,Palace,A$AP Rocky,,LIVE.LOVE.A$AP,162,Hip-Hop,East Coast Hip-Hop,134,G Major,2011/10/31
2023/02/15,FREAK IN YOU,PARTYNEXTDOOR,,COLOURS 2,272,R&B,Contemporary R&B,87,C# Major,2017/06/02
2023/02/15,Salty,Lyfe Harris,,Since We're Here,134,R&B,Trap Soul,94,C# Minor,2020/04/04
2023/02/15,Twisted Paradise,Artie J,,Twisted Paradise,272,R&B,Trap Soul,145,E Minor,2021/05/10
2023/02/15,Government Official,Future,,SAVE ME,150,Hip-Hop,Trap,145,C# Major,2019/06/07
2023/02/15,Lie To Me,Black Atlass,,Dream Awake,210,R&B,Alternative R&B,158,B Minor,2020/04/03
2023/02/15,Use Me,PLAZA,,Nocturnes,238,R&B,Alternative R&B,147,B Minor,2021/10/01
2023/02/15,Find Her,Lyfe Harris,,Nothing New,133,R&B,Trap Soul,89,F# Minor,2021/02/10
2023/02/15,Waterfalls,LVNDVN,,Moon Lit District,214,R&B,Alternative R&B,151,A Minor,2017/09/15
2023/02/15,Moon Lit District,LVNDVN,,Moon Lit District,295,R&B,Alternative R&B,112,A# Minor,2017/09/15
2023/02/15,You Know,Lyfe Harris,,Nothing New,179,R&B,Trap Soul,89,F Minor,2021/02/10
2023/02/15,The Fall,The Weeknd,,Trilogy,345,R&B,Alternative R&B,75,C# Major,2012/11/13
2023/02/15,Recognize (feat. Drake),PARTYNEXTDOOR,Drake,PARTYNEXTDOOR TWO,311,R&B,Trap Soul,120,D Major,2014/07/29
2023/02/15,Don't Panic,Lyfe Harris,,Don't Panic,112,R&B,Trap Soul,108,A# Minor,2020/01/06
2023/02/15,WEST DISTRICT,PARTYNEXTDOOR,,PARTYPACK,303,R&B,Trap Soul,95,C# Major,2020/10/16
2023/02/15,Excuse Me,A$AP Rocky,,AT.LONG.LAST.A$AP,238,Hip-Hop,Psychadelic Hip-Hop,122,G# Major,2015/05/26
2023/02/15,Sundress,A$AP Rocky,,Sundress,158,Rock,Psychadelic Rock,125,F# Major,2018/11/20
2023/02/15,pRETTy,Lil Yatchy,,Let’s Start Here,162,Rock,Psychadelic Rock,128,F Major,2023/01/27
2023/02/15,No Romance,Lyfe Harris,,Since We're Here,137,R&B,Trap Soul,105,G Major,2020/04/04
2023/02/15,Top Floor,Lyfe Harris,,Since We're Here,126,R&B,Trap Soul,106,C# Minor,2020/04/04
2023/02/15,Hamptons,Lyfe Harris,,Hamptons,168,R&B,Trap Soul,97,C# Minor,2020/09/24
2023/02/15,Pawn,Lyfe Harris,,Since We're Here,153,R&B,Trap Soul,100,E Major,2020/04/04
2023/02/15,Rebel,Norman Perry,,Way Darker This Time,153,R&B,Trap Soul,125,D# Minor,2020/04/10
2023/02/15,Sainted,Norman Perry,,Way Darker This Time,192,R&B,Trap Soul,140,G Minor,2020/04/10
2023/02/15,Mission,Norman Perry,,Way Darker This Time,127,R&B,Trap Soul,136,F# Minor,2020/04/10
2023/02/15,I Want Her Too,Artie J,,Emotional Indulgence,172,R&B,Trap Soul,90,B Minor,2021/10/08
2023/02/15,Don't Panic,Lyfe Harris,,Don't Panic,112,R&B,Trap Soul,108,A# Minor,2020/01/06
2023/02/15,Recognize (feat. Drake),PARTYNEXTDOOR,Drake,PARTYNEXTDOOR TWO,311,R&B,Trap Soul,120,D Major,2014/07/29
2023/02/16,Decisions,Lyfe Harris,,Decisions,168,R&B,Trap Soul,110,F# Minor,2020/02/17
2023/02/16,Hamptons,Lyfe Harris,,Hamptons,168,R&B,Trap Soul,97,C# Minor,2020/09/24
2023/02/16,Don't Panic,Lyfe Harris,,Don't Panic,112,R&B,Trap Soul,108,A# Minor,2020/01/06
2023/02/16,FREAK IN YOU,PARTYNEXTDOOR,,COLOURS 2,272,R&B,Contemporary R&B,87,C# Major,2017/06/02
2023/02/16,Twisted Paradise,Artie J,,Twisted Paradise,272,R&B,Trap Soul,145,E Minor,2021/05/10
2023/02/16,Use Me,PLAZA,,Nocturnes,238,R&B,Alternative R&B,147,B Minor,2021/10/01
2023/02/16,Still Alive,PLAZA,,Nocturnes,198,R&B,Alternative R&B,147,G Minor,2021/10/01
2023/02/16,Get Even,PLAZA,,Nocturnes,200,R&B,Alternative R&B,155,F Minor,2021/10/01
2023/02/16,MTFU,6LACK,,FREE 6LACK,208,R&B,Trap Soul,112,A# Minor,2016/11/18
2023/02/16,PRBLMS,6LACK,,FREE 6LACK,246,R&B,Trap Soul,69,A Major,2016/11/18
2023/02/16,In Too Deep,Artie J,,Trap Girls Club,271,R&B,Trap Soul,152,A# Minor,2021/01/10
2023/02/16,A Broken Promise,Artie J,,Trap Girls Club,189,R&B,Trap Soul,138,C Minor,2021/01/10
2023/02/16,Pink Religion,Artie J,,Trap Girls Club,193,R&B,Trap Soul,80,A Major,2021/01/10
2023/02/16,Phantom Touch,LVNDVN,,Phantom Touch,151,R&B,Alternative R&B,113,F# Minor,2022/03/29
2023/02/16,Doll House,Lyfe Harris,,Since We're Here,135,R&B,Trap Soul,108,G Major,2020/04/04
2023/02/16,Shotgun,Future,,SAVE ME,258,R&B,Trap Soul,128,D Major,2019/06/07
2023/02/16,Changes,A$AP Rocky,,TESTING,314,Hip-Hop,Experimental Hip-Hop,137,D# Major,2018/05/25
2023/02/16,pRETTy,Lil Yatchy,,Let’s Start Here,162,Rock,Psychadelic Rock,128,F Major,2023/01/27
2023/02/16,Between Us (feat. 21 Savage),TYuS,21 Savage,Between Us (feat. 21 Savage),263,R&B,Trap Soul,111,C# Major,2017/06/30
2023/02/16,Play Your Roll,Norman Perry,,Way Darker This Time,125,R&B,Trap Soul,122,G Major,2020/04/10
2023/02/16,Too Many Times,Norman Perry,,XX2,200,R&B,Trap Soul,102,D Major,2018/10/02
2023/02/17,Never Know,6LACK,,FREE 6LACK,249,R&B,Trap Soul,95,F Minor,2016/11/18
2023/02/17,Don't Panic,Lyfe Harris,,Don't Panic,112,R&B,Trap Soul,108,A# Minor,2020/01/06
2023/02/17,Crash,PLAZA,,Crash,231,R&B,Alternative R&B,118,G Minor,2022/02/25
2023/02/17,White Dress,Lana Del Rey,,Chemtrails Over The Country Club,333,Pop,Indie Pop,123,C Major,2021/03/19
2023/02/17,I Want Her Too,Artie J,,Emotional Indulgence,172,R&B,Trap Soul,90,B Minor,2021/10/08
2023/02/17,Belong To The World,The Weeknd,,Kiss Land,307,R&B,Alternative R&B,121,F Minor,2013/01/01
2023/02/17,House of Balloons / Glass Table Girls,The Weeknd,,Trilogy,405,R&B,Alternative R&B,89,C Major,2012/11/13
2023/02/17,The Morning,The Weeknd,,Trilogy,312,R&B,Alternative R&B,120,F# Minor,2012/11/13
2023/02/17,Wicked Games,The Weeknd,,Trilogy,323,R&B,Alternative R&B,114,A Major,2012/11/13
2023/02/17,The Party & The After Party,The Weeknd,,Trilogy,459,R&B,Alternative R&B,204,F Minor,2012/11/13
2023/02/17,Coming Down,The Weeknd,,Trilogy,295,R&B,Alternative R&B,121,D Minor,2012/11/13
2023/02/17,Loft Music,The Weeknd,,Trilogy,363,R&B,Alternative R&B,172,F# Minor,2012/11/13
2023/02/17,The Knowing,The Weeknd,,Trilogy,340,R&B,Alternative R&B,86,F# Minor,2012/11/13
2023/02/17,Borrow,KayCyy,,Get Used To It ,126,Hip-Hop,Vapor Trap,125,G# Major,2022/06/02
2023/02/17,THE SUN,KayCyy,Gesaffelstein,TW20 50,188,Hip-Hop,Vapor Trap,133,G# Major,2022/03/11
2023/02/17,brand new,Alley,"Lev, Svi",brand new,212,R&B,Trap Soul,134,E Minor,2022/01/28
2023/02/17,Use Me,PLAZA,,Nocturnes,238,R&B,Alternative R&B,147,B Minor,2021/10/01
2023/02/17,Wanting You,PLAZA,,One,240,R&B,Alternative R&B,112,F# Minor,2016/08/29
2023/02/17,Waterfalls,LVNDVN,,Moon Lit District,214,R&B,Alternative R&B,151,A Minor,2017/09/15
2023/02/17,Reason,PLAZA,,One,241,R&B,Alternative R&B,174,C Major,2016/08/29
2023/02/17,Love You Again,PLAZA,,SHADOW,281,R&B,Alternative R&B,138,B Minor,2017/06/11
2023/02/17,Kinda Like It,Black Atlass,,Pain & Pleasure,265,R&B,Alternative R&B,83,B Minor,2018/07/12
2023/02/17,Dan Marino Freestyle,Lyfe Harris,,Dan Marino Freestyle,155,Hip-Hop,Trap,94,F Minor,2021/06/23
2023/02/17,Full Speed Ahead,Lyfe Harris,,Nothing New,176,R&B,Trap Soul,154,G Minor,2021/02/10
2023/02/18,Doll House,Lyfe Harris,,Since We're Here,135,R&B,Trap Soul,108,G Major,2020/04/04
2023/02/18,404,Lyfe Harris,,ENIGMA,156,R&B,Trap Soul,89,G Major,2022/02/18
2023/02/18,STAY RIGHT HERE,Lyfe Harris,,ENIGMA,168,R&B,Trap Soul,140,E Minor,2022/02/18
2023/02/18,Sainted,Norman Perry,,Way Darker This Time,192,R&B,Trap Soul,140,G Minor,2020/04/10
2023/02/18,Endless,Hiddenhillsforever,,Hell Of A Night,208,Hip-Hop,Trap,157,D Major,2021/05/07
2023/02/18,Backseat,Joe Trufant,,Fall Through 2,209,R&B,Contemporary R&B,102,D Minor,2020/04/10
2023/02/18,Twisted Paradise,Artie J,,Twisted Paradise,272,R&B,Trap Soul,145,E Minor,2021/05/10
2023/02/18,I Want You,Artie J,,I Hate Pretty Girls,187,R&B,Trap Soul,110,C# Major,2020/02/16
2023/02/18,Decisions,Lyfe Harris,,Decisions,168,R&B,Trap Soul,110,F# Minor,2020/02/17
2023/02/18,Use Me,PLAZA,,Nocturnes,238,R&B,Alternative R&B,147,B Minor,2021/10/01
2023/02/18,Love Thy Enemies,Future,,SAVE ME,127,R&B,Trap Soul,100,G Major,2019/06/07
2023/02/18,Paranoia / #1 Stunna,FXXXXY,,Do You Trust Me?,193,Hip-Hop,Trap,113,E Minor,2020/12/11
2023/02/18,Diamond,Norman Perry,,XX2,134,R&B,Trap Soul,129,C# Minor,2018/10/02
2023/02/18,Backseat,Joe Trufant,,Fall Through 2,209,R&B,Contemporary R&B,102,D Minor,2020/04/10
2023/02/18,Between Us (feat. 21 Savage),TYuS,21 Savage,Between Us (feat. 21 Savage),263,R&B,Trap Soul,111,C# Major,2017/06/30
2023/02/18,"Fine Whine (feat. Joe Fox, Future & M.I.A.)",A$AP Rocky," Joe Fox, Future, M.I.A.",AT.LONG.LAST.A$AP,218,Hip-Hop,Psychadelic Hip-Hop,114,C# Major,2015/05/26
2023/02/18,Holy Ghost (feat. Joe Fox),A$AP Rocky,Joe Fox,AT.LONG.LAST.A$AP,191,Hip-Hop,Psychadelic Hip-Hop,76,A# Minor,2015/05/26
2023/02/18,Rebel,Norman Perry,,Way Darker This Time,153,R&B,Trap Soul,125,D# Minor,2020/04/10
2023/02/18,Love You Again,PLAZA,,SHADOW,281,R&B,Alternative R&B,138,B Minor,2017/06/11
2023/02/18,DOMINO,Thouxanbanfauni,,CLAIRVOYANCE,122,Hip-Hop,Vapor Trap,133,G Minor,2020/07/21
2023/02/18,AMERICAN MUSCLE,Thouxanbanfauni,,CLAIRVOYANCE,156,Hip-Hop,Vapor Trap,160,A# Minor,2020/07/21
2023/02/18,No Time (feat. Gunna),Playboi Carti,,Die Lit,219,Hip-Hop,Vapor Trap,140,F Minor,2018/05/11
2023/02/18,Sky,Playboi Carti,,Whole Lotta Red,193,Hip-Hop,Vapor Trap,140,D Major,2020/12/25
2023/02/18,NOSTYLIST,Destroy Lonely,,NO STYLIST,180,Hip-Hop,Vapor Trap,160,B Minor,2022/08/12
2023/02/18,VETERAN (feat. Ken Carson),Destroy Lonely,Ken Carson,NO STYLIST,176,Hip-Hop,Vapor Trap,147,D Major,2022/08/12
2023/02/18,Murda Musik (feat. Destroy Lonely),Ken Carson,Destroy Lonely,X,176,Hip-Hop,Vapor Trap,156,C# Major,2022/07/08
2023/02/18,Pretty Little Fears (feat. J. Cole),6LACK,J. Cole,East Atlanta Love Letter,240,R&B,Trap Soul,192,A Major,2018/09/14
2023/02/18,East Atlanta Love Letter (feat. Future),6LACK,Future,East Atlanta Love Letter,246,R&B,Trap Soul,61,F Minor,2018/09/14
2023/02/18,Glock Six - Bonus,6LACK,,FREE 6LACK,190,R&B,Trap Soul,83,B Minor,2016/11/18
2023/02/18,Never Know,6LACK,,FREE 6LACK,249,R&B,Trap Soul,95,F Minor,2016/11/18
2023/02/18,Borrow,KayCyy,,Get Used To It ,126,Hip-Hop,Vapor Trap,125,G# Major,2022/06/02
2023/02/18,Replay,KayCyy,,Get Used To It ,182,Hip-Hop,Vapor Trap,130,B Minor,2022/06/02
2023/02/18,Murda Musik (feat. Destroy Lonely),Ken Carson,Destroy Lonely,X,176,Hip-Hop,Vapor Trap,156,C# Major,2022/07/08
2023/02/18,Top Floor,Lyfe Harris,,Since We're Here,126,R&B,Trap Soul,106,C# Minor,2020/04/04
2023/02/18,Wall Maria,FRVRFRIDAY,,Wall Maria,148,Hip-Hop,Trap,120,D# Minor,2018/10/12
2023/02/18,Karma,PLAZA,,SHADOW,305,R&B,Alternative R&B,121,F# Minor,2017/06/11
2023/02/18,Moon Lit District,LVNDVN,,Moon Lit District,295,R&B,Alternative R&B,112,A# Minor,2017/09/15
2023/02/18,TIME FOR YOU,FRVRFRIDAY,,TIME FOR YOU,203,R&B,Trap Soul,125,F Minor,2021/03/05
2023/02/18,Over,PLAZA,,SHADOW,268,R&B,Alternative R&B,66,D Minor,2017/06/11
2023/02/18,Redbone,Era,,Redbone,179,R&B,Trap Soul,91,C# Minor,2020/03/20
2023/02/18,Love You Again,PLAZA,,SHADOW,281,R&B,Alternative R&B,138,B Minor,2017/06/11
2023/02/18,MEDICINE,Lyfe Harris,,ENIGMA,163,R&B,Trap Soul,85,F# Minor,2022/02/18
2023/02/18,Wanderlust,The Weeknd,,Kiss Land,306,R&B,Alternative R&B,116,C# Minor,2013/01/01
2023/02/18,Kiss Land,The Weeknd,,Kiss Land,455,R&B,Alternative R&B,122,B Minor,2013/01/01
2023/02/18,Changes,A$AP Rocky,,TESTING,314,Hip-Hop,Experimental Hip-Hop,137,D# Major,2018/05/25
2023/02/18,Excuse Me,A$AP Rocky,,AT.LONG.LAST.A$AP,238,Hip-Hop,Psychadelic Hip-Hop,122,G# Major,2015/05/26
2023/02/18,Flip,Future,,FUTURE,254,Hip-Hop,Trap,146,A Major,2017/06/30
2023/02/18,You Know,Lyfe Harris,,Nothing New,179,R&B,Trap Soul,89,F Minor,2021/02/10
2023/02/18,Lord Pretty Flacko Jodye 2 (LPFJ2),A$AP Rocky,,AT.LONG.LAST.A$AP,126,Hip-Hop,Rap,208,F# Major,2015/05/26
2023/02/18,Night After Night,Black Atlass,,Dream Awake,183,R&B,Alternative R&B,160,F Minor,2020/04/03
2023/02/18,POA,Future,,FUTURE,248,Hip-Hop,Trap,148,B Minor,2017/06/30
2023/02/18,FWU,Artie J,,Trap Girls Club,201,R&B,Trap Soul,134,A# Minor,2021/01/10
2023/02/18,Still Alive,PLAZA,,Nocturnes,198,R&B,Alternative R&B,147,G Minor,2021/10/01
2023/02/18,L$D,A$AP Rocky,,AT.LONG.LAST.A$AP,238,R&B,Alternative R&B,120,D Major,2015/05/26
2023/02/18,Tragedy,PLAZA,,Tragedy,233,R&B,Alternative R&B,85,D# Minor,2015/05/26
2023/02/19,Recognize (feat. Drake),PARTYNEXTDOOR,Drake,PARTYNEXTDOOR TWO,311,R&B,Trap Soul,120,D Major,2014/07/29
2023/02/19,Twenty Eight,The Weeknd,,Trilogy,258,R&B,Alternative R&B,130,D# Minor,2012/11/13
2023/02/19,Break From Toronto,PARTYNEXTDOOR,,PARTYNEXTDOOR,99,R&B,Trap Soul,117,A Major,2013/07/01
2023/02/19,Reason,PLAZA,,One,241,R&B,Alternative R&B,174,C Major,2016/08/29
2023/02/19,Still Alive,PLAZA,,Nocturnes,198,R&B,Alternative R&B,147,G Minor,2021/10/01
2023/02/19,Loft Music,The Weeknd,,Trilogy,363,R&B,Alternative R&B,172,F# Minor,2012/11/13
2023/02/19,Find Her,Lyfe Harris,,Nothing New,133,R&B,Trap Soul,89,F# Minor,2021/02/10
2023/02/19,Live For,The Weeknd,Drake,Kiss Land,222,R&B,Alternative R&B,76,C Major,2013/01/01
2023/02/19,Locations,LVNDVN,,HYPRWRLD,219,R&B,Alternative R&B,92,B Minor,2019/04/12
2023/02/19,Bring It Back (with Mike WiLL Made-It feat. Drake),Trouble,"Mike WiLL Made-It, Drake",Edgewood (41E Edition),255,Hip-Hop,Trap,152,F# Minor,2018/10/26
2023/02/19,The Knowing,The Weeknd,,Trilogy,340,R&B,Alternative R&B,86,F# Minor,2012/11/13
2023/02/19,Water,PLAZA,,One,181,R&B,Alternative R&B,104,C# Minor,2016/08/29
2023/02/19,Salty,Lyfe Harris,,Since We're Here,134,R&B,Trap Soul,94,C# Minor,2020/04/04
2023/02/19,Bentley Keys,Lyfe Harris,,Bentley Keys,145,R&B,Trap Soul,108,F Minor,2020/10/23
2023/02/19,Loft Music,The Weeknd,,Trilogy,363,R&B,Alternative R&B,172,F# Minor,2012/11/13
2023/02/19,Doll House,Lyfe Harris,,Since We're Here,135,R&B,Trap Soul,108,G Major,2020/04/04
2023/02/19,Reason,PLAZA,,One,241,R&B,Alternative R&B,174,C Major,2016/08/29
2023/02/19,Top Floor,Lyfe Harris,,Since We're Here,126,R&B,Trap Soul,106,C# Minor,2020/04/04
2023/02/19,Palace,A$AP Rocky,,LIVE.LOVE.A$AP,162,Hip-Hop,East Coast Hip-Hop,134,G Major,2011/10/31
2023/02/19,I Want Her Too,Artie J,,Emotional Indulgence,172,R&B,Trap Soul,90,B Minor,2021/10/08
2023/02/19,Tattoed Lyrics,Artie J,,Emotional Indulgence,209,R&B,Trap Soul,83,F Major,2021/10/08
2023/02/19,Fly Gyal,Artie J,,Emotional Indulgence,180,R&B,Trap Soul,140,B Minor,2021/10/08
2023/02/19,Uncontrollable,Artie J,,Emotional Indulgence,141,R&B,Trap Soul,112,A# Major,2021/10/08
2023/02/19,Excuse Me,A$AP Rocky,,AT.LONG.LAST.A$AP,238,Hip-Hop,Psychadelic Hip-Hop,122,G# Major,2015/05/26
2023/02/19,Dark Hearted,Freddie Gibbs,,$oul $old $eparately,205,Hip-Hop,Rap,96,D# Minor,2022/09/30
2023/02/19,It's Lifted,Robb Bank$,Trippie Redd,It's Lifted,142,Hip-Hop,Vapor Trap,122,A# Minor,2022/03/14
2023/02/19,Like That,Norman Perry,,XX2,240,R&B,Trap Soul,90,B Minor,2018/10/02
2023/02/19,The Zone,The Weeknd,Drake,Trilogy,418,R&B,Alternative R&B,140,D# Minor,2012/11/13
2023/02/19,brand new,Alley,"Lev, Svi",brand new,212,R&B,Trap Soul,134,E Minor,2022/01/28
2023/02/19,Mask Off,Future,,FUTURE,204,Hip-Hop,Trap,150,D Major,2017/06/30
2023/02/19,MAFIA,Travis Scott,,ESCAPE PLAN / MAFIA,240,Hip-Hop,Trap,110,C Minor,2021/11/05
2023/02/19,Crash,PLAZA,,Crash,231,R&B,Alternative R&B,118,G Minor,2022/02/25
2023/02/19,Diamond,Norman Perry,,XX2,134,R&B,Trap Soul,129,C# Minor,2018/10/02
2023/02/19,Don't Panic,Lyfe Harris,,Don't Panic,112,R&B,Trap Soul,108,A# Minor,2020/01/06
2023/02/19,THE SUN,KayCyy,Gesaffelstein,TW20 50,188,Hip-Hop,Vapor Trap,133,G# Major,2022/03/11
2023/02/19,OKAY!,KayCyy,Gesaffelstein,TW20 50,275,Hip-Hop,Vapor Trap,121,C Minor,2022/03/11
2023/02/19,Remember,PLAZA,,Nocturnes,212,R&B,Alternative R&B,122,E Minor,2021/10/01
2023/02/19,FREAK IN YOU,PARTYNEXTDOOR,,COLOURS 2,272,R&B,Contemporary R&B,87,C# Major,2017/06/02
2023/02/19,Stick (with JID & J. Cole feat. Kenny Mason & Sheck Wes),Dreamville,"JID, J. Cole, Kenny Mason, Sheck Wes",D-Day: A Gangsta Grillz Mixtape,309,Hip-Hop,Trap,119,G Major,2022/03/31
2023/02/19,Too Many Times,Norman Perry,,XX2,200,R&B,Trap Soul,102,D Major,2018/10/02
2023/02/19,Low Life (feat. The Weeknd),Future,The Weeknd,EVOL,313,Hip-Hop,Trap,144,G# Major,2016/04/13
2023/02/19,404,Lyfe Harris,,ENIGMA,156,R&B,Trap Soul,89,G Major,2022/02/18
2023/02/19,From The Garden (feat. Lil Uzi Vert),Isaiah Rashad,Lil Uzi Vert,The House Is Burning,189,Hip-Hop,Southern Hip-Hop,142,F# Minor,2021/07/30
2023/02/19,White Dress,Lana Del Rey,,Chemtrails Over The Country Club,333,Pop,Indie Pop,123,C Major,2021/03/19
2023/02/19,Belong To The World,The Weeknd,,Kiss Land,307,R&B,Alternative R&B,121,F Minor,2013/01/01
2023/02/19,The Fall,The Weeknd,,Trilogy,345,R&B,Alternative R&B,75,C# Major,2012/11/13
2023/02/19,A$AP Forever (feat. Moby),A$AP Rocky,Moby,A$AP Forever (feat. Moby),233,Hip-Hop,Experimental Hip-Hop,126,A# Minor,2018/04/05
2023/02/19,After Dollars Interlude,Lyfe Harris,,Nothing New,148,R&B,Trap Soul,97,F Minor,2021/02/10
2023/02/19,Emotion,Lyfe Harris,,Nothing New,214,R&B,Trap Soul,119,C# Minor,2021/02/10
2023/02/19,AMERICAN MUSCLE,Thouxanbanfauni,,CLAIRVOYANCE,156,Hip-Hop,Vapor Trap,160,A# Minor,2020/07/21
2023/02/19,The Party & The After Party,The Weeknd,,Trilogy,459,R&B,Alternative R&B,204,F Minor,2012/11/13
2023/02/19,You Know,Lyfe Harris,,Nothing New,179,R&B,Trap Soul,89,F Minor,2021/02/10
2023/02/19,Tell Your Friends,The Weeknd,,Beauty Behind The Madness,334,R&B,Contemporary R&B,75,C# Minor,2015/08/28
2023/02/19,Excuse Me,A$AP Rocky,,AT.LONG.LAST.A$AP,238,Hip-Hop,Psychadelic Hip-Hop,122,G# Major,2015/05/26
2023/02/19,Wus Good / Curious,PARTYNEXTDOOR,,PARTYNEXTDOOR,212,R&B,Trap Soul,83,B Major,2013/07/01
2023/02/19,Doll House,Lyfe Harris,,Since We're Here,135,R&B,Trap Soul,108,G Major,2020/04/04
2023/02/19,Moon Lit District,LVNDVN,,Moon Lit District,295,R&B,Alternative R&B,112,A# Minor,2017/09/15
2023/02/19,Government Official,Future,,SAVE ME,150,Hip-Hop,Trap,145,C# Major,2019/06/07
2023/02/19,Salty,Lyfe Harris,,Since We're Here,134,R&B,Trap Soul,94,C# Minor,2020/04/04
2023/02/20,Doll House,Lyfe Harris,,Since We're Here,135,R&B,Trap Soul,108,G Major,2020/04/04
2023/02/20,Salty,Lyfe Harris,,Since We're Here,134,R&B,Trap Soul,94,C# Minor,2020/04/04
2023/02/20,Don't Panic,Lyfe Harris,,Don't Panic,112,R&B,Trap Soul,108,A# Minor,2020/01/06
2023/02/20,Crash,PLAZA,,Crash,231,R&B,Alternative R&B,118,G Minor,2022/02/25
2023/02/20,Remember,PLAZA,,Nocturnes,212,R&B,Alternative R&B,122,E Minor,2021/10/01
2023/02/20,THE SUN,KayCyy,Gesaffelstein,TW20 50,188,Hip-Hop,Vapor Trap,133,G# Major,2022/03/11
2023/02/20,It's Lifted,Robb Bank$,Trippie Redd,It's Lifted,142,Hip-Hop,Vapor Trap,122,A# Minor,2022/03/14
2023/02/20,R.I.P.,Playboi Carti,,Die Lit,192,Hip-Hop,Vapor Trap,140,G# Major,2018/05/11
2023/02/20,The Zone,The Weeknd,Drake,Trilogy,418,R&B,Alternative R&B,140,D# Minor,2012/11/13
2023/02/20,Chemtrails Over The Country Club,Lana Del Rey,,Chemtrails Over The Country Club,271,Pop,Indie Pop,201,E Minor,2021/03/19
2023/02/20,Recognize (feat. Drake),PARTYNEXTDOOR,Drake,PARTYNEXTDOOR TWO,311,R&B,Trap Soul,120,D Major,2014/07/29
2023/02/20,FREAK IN YOU,PARTYNEXTDOOR,,COLOURS 2,272,R&B,Contemporary R&B,87,C# Major,2017/06/02
2023/02/20,Too Many Times,Norman Perry,,XX2,200,R&B,Trap Soul,102,D Major,2018/10/02
2023/02/20,Party Monster,The Weeknd,,Starboy,249,Pop,Electropop,78,C# Major,2016/11/25
2023/02/20,The Knowing,The Weeknd,,Trilogy,340,R&B,Alternative R&B,86,F# Minor,2012/11/13
2023/02/20,Twenty Eight,The Weeknd,,Trilogy,258,R&B,Alternative R&B,130,D# Minor,2012/11/13
2023/02/20,brand new,Alley,"Lev, Svi",brand new,212,R&B,Trap Soul,134,E Minor,2022/01/28
2023/02/20,FALLING,Che Ecru,,PREJECTION,134,R&B,Indie R&B,100,B Minor,2020/05/15
2023/02/20,Reason,PLAZA,,One,241,R&B,Alternative R&B,174,C Major,2016/08/29
2023/02/20,Find Her,Lyfe Harris,,Nothing New,133,R&B,Trap Soul,89,F# Minor,2021/02/10
2023/02/20,Summer Bummer (feat. A$AP Rocky & Playboi Carti),Lana Del Rey,"A$AP Rocky, Playboi Carti",Lust for Life,260,Pop,Indie Pop,135,C# Major,2017/07/21
2023/02/20,Often,The Weeknd,,Beauty Behind The Madness,249,R&B,Alternative R&B,134,G Minor,2015/08/28
2023/02/20,Turn On Me,Future,,HNDRXX,264,Hip-Hop,Trap,127,B Major,2017/07/27
2023/02/20,Cash Flow,TYuS,,Cash Flow,194,R&B,Trap Soul,99,G# Major,2015/11/24
2023/02/20,Bring It Back (with Mike WiLL Made-It feat. Drake),Trouble,"Mike WiLL Made-It, Drake",Edgewood (41E Edition),255,Hip-Hop,Trap,152,F# Minor,2018/10/26
2023/02/21,brand new,Alley,"Lev, Svi",brand new,212,R&B,Trap Soul,134,E Minor,2022/01/28
2023/02/21,Sky,Playboi Carti,,Whole Lotta Red,193,Hip-Hop,Vapor Trap,140,D Major,2020/12/25
2023/02/21,MTFU,6LACK,,FREE 6LACK,208,R&B,Trap Soul,112,A# Minor,2016/11/18
2023/02/21,I Want Her Too,Artie J,,Emotional Indulgence,172,R&B,Trap Soul,90,B Minor,2021/10/08
2023/02/21,Summer Bummer (feat. A$AP Rocky & Playboi Carti),Lana Del Rey,"A$AP Rocky, Playboi Carti",Lust for Life,260,Pop,Indie Pop,135,C# Major,2017/07/21
2023/02/21,Fell In Luv (feat. Bryson Tiller),Playboi Carti,Bryson Tiller,Die Lit,206,Hip-Hop,Vapor Trap,163,D Major,2018/05/11
2023/02/21,Murda Musik (feat. Destroy Lonely),Ken Carson,Destroy Lonely,X,176,Hip-Hop,Vapor Trap,156,C# Major,2022/07/08
2023/02/21,DOMINO,Thouxanbanfauni,,CLAIRVOYANCE,122,Hip-Hop,Vapor Trap,133,G Minor,2020/07/21
2023/02/21,Freestyle 2,Ken Carson,,X,138,Hip-Hop,Vapor Trap,96,C# Minor,2022/07/08
2023/02/21,Rock N Roll,Ken Carson,,Project X,148,Hip-Hop,Vapor Trap,142,C# Major,2021/07/23
2023/02/21,Hell Yeah,SoFaygo,Ken Carson,Pink Heartz,168,Hip-Hop,Vapor Trap,142,A Major,2022/11/11
2023/02/21,Transparency,SoFaygo,,Pink Heartz,148,Hip-Hop,Vapor Trap,149,D Major,2022/11/11
2023/02/21,Out,SoFaygo,,Pink Heartz,181,Hip-Hop,Vapor Trap,145,B Minor,2022/11/11
2023/02/21,Hell Yeah,SoFaygo,Ken Carson,Pink Heartz,168,Hip-Hop,Vapor Trap,142,A Major,2022/11/11
2023/02/21,Blitz V2,SoFaygo,,Pink Heartz,221,Hip-Hop,Vapor Trap,148,C# Major,2022/11/11
2023/02/21,Stay Awake,SoFaygo,Lil Uzi Vert,Pink Heartz,217,Hip-Hop,Vapor Trap,146,A# Minor,2022/11/11
2023/02/21,Turban,Yeat,,Up 2 Më,155,Hip-Hop,Vapor Trap,148,C# Major,2021/09/10
2023/02/21,Sky,Playboi Carti,,Whole Lotta Red,193,Hip-Hop,Vapor Trap,140,D Major,2020/12/25
2023/02/21,Miss The Rage (feat. Playboi Carti),Trippie Redd,Playboi Carti,Trip At Knight (Complete Edition),236,Hip-Hop,Vapor Trap,77,G# Major,2021/08/21
2023/02/21,Magnolia,Playboi Carti,,Playboi Carti,181,Hip-Hop,Trap,163,B Minor,2017/04/14
2023/02/21,Vamp Anthem,Playboi Carti,,Whole Lotta Red,124,Hip-Hop,Trap,164,B Major,2020/12/25
2023/02/22,Miss The Rage (feat. Playboi Carti),Trippie Redd,Playboi Carti,Trip At Knight (Complete Edition),236,Hip-Hop,Vapor Trap,77,G# Major,2021/08/21
2023/02/22,Sky,Playboi Carti,,Whole Lotta Red,193,Hip-Hop,Vapor Trap,140,D Major,2020/12/25
2023/02/22,R.I.P.,Playboi Carti,,Die Lit,192,Hip-Hop,Vapor Trap,140,G# Major,2018/05/11
2023/02/22,Rock N Roll,Ken Carson,,Project X,148,Hip-Hop,Vapor Trap,142,C# Major,2021/07/23
2023/02/22,THE SUN,KayCyy,Gesaffelstein,TW20 50,188,Hip-Hop,Vapor Trap,133,G# Major,2022/03/11
2023/02/22,Use Me,PLAZA,,Nocturnes,238,R&B,Alternative R&B,147,B Minor,2021/10/01
2023/02/22,Get Even,PLAZA,,Nocturnes,200,R&B,Alternative R&B,155,F Minor,2021/10/01
2023/02/22,You Know,Lyfe Harris,,Nothing New,179,R&B,Trap Soul,89,F Minor,2021/02/10
2023/02/22,Find Her,Lyfe Harris,,Nothing New,133,R&B,Trap Soul,89,F# Minor,2021/02/10
2023/02/22,Wicked Games,The Weeknd,,Trilogy,323,R&B,Alternative R&B,114,A Major,2012/11/13
2023/02/22,Over,PLAZA,,SHADOW,268,R&B,Alternative R&B,66,D Minor,2017/06/11
2023/02/22,Kinda Like It,Black Atlass,,Pain & Pleasure,265,R&B,Alternative R&B,83,B Minor,2018/07/12
2023/02/22,All Night,PLAZA,,One,201,R&B,Alternative R&B,113,A# Major,2016/08/29
2023/02/22,After Dollars Interlude,Lyfe Harris,,Nothing New,148,R&B,Trap Soul,97,F Minor,2021/02/10
2023/02/23,Rock N Roll,Ken Carson,,Project X,148,Hip-Hop,Vapor Trap,142,C# Major,2021/07/23
2023/02/23,THE SUN,KayCyy,Gesaffelstein,TW20 50,188,Hip-Hop,Vapor Trap,133,G# Major,2022/03/11
2023/02/23,Borrow,KayCyy,,Get Used To It ,126,Hip-Hop,Vapor Trap,125,G# Major,2022/06/02
2023/02/23,Transparency,SoFaygo,,Pink Heartz,148,Hip-Hop,Vapor Trap,149,D Major,2022/11/11
2023/02/23,Doll House,Lyfe Harris,,Since We're Here,135,R&B,Trap Soul,108,G Major,2020/04/04
2023/02/23,AMERICAN MUSCLE,Thouxanbanfauni,,CLAIRVOYANCE,156,Hip-Hop,Vapor Trap,160,A# Minor,2020/07/21
2023/02/23,Long Time - Intro,Playboi Carti,,Die Lit,211,Hip-Hop,Vapor Trap,144,E Minor,2018/05/11
2023/02/23,Long Time - Intro,Playboi Carti,,Die Lit,211,Hip-Hop,Vapor Trap,144,E Minor,2018/05/11
2023/02/23,Miss The Rage (feat. Playboi Carti),Trippie Redd,Playboi Carti,Trip At Knight (Complete Edition),236,Hip-Hop,Vapor Trap,77,G# Major,2021/08/21
2023/02/23,DOMINO,Thouxanbanfauni,,CLAIRVOYANCE,122,Hip-Hop,Vapor Trap,133,G Minor,2020/07/21
2023/02/23,Sky,Playboi Carti,,Whole Lotta Red,193,Hip-Hop,Vapor Trap,140,D Major,2020/12/25
2023/02/23,Hell Yeah,SoFaygo,Ken Carson,Pink Heartz,168,Hip-Hop,Vapor Trap,142,A Major,2022/11/11
2023/02/23,Me Too,SoFaygo,,Pink Heartz,197,Hip-Hop,Vapor Trap,133,C# Minor,2022/11/11
2023/02/23,Goin Back,SoFaygo,,Pink Heartz,210,Hip-Hop,Vapor Trap,124,F Minor,2022/11/11
2023/02/23,PRBLMS,6LACK,,FREE 6LACK,246,R&B,Trap Soul,69,A Major,2016/11/18
2023/02/23,Find Her,Lyfe Harris,,Nothing New,133,R&B,Trap Soul,89,F# Minor,2021/02/10
2023/02/23,Personal,PLAZA,,SHADOW,274,R&B,Alternative R&B,75,D# Minor,2017/06/11
2023/02/23,Run This,PLAZA,,SHADOW,233,R&B,Alternative R&B,114,D# Minor,2017/06/11
2023/02/23,It's Not Over,PLAZA,,Nocturnes,275,R&B,Alternative R&B,141,B Minor,2021/10/01
2023/02/23,Loft Music,The Weeknd,,Trilogy,363,R&B,Alternative R&B,172,F# Minor,2012/11/13
2023/02/23,Reason,PLAZA,,One,241,R&B,Alternative R&B,174,C Major,2016/08/29
2023/02/23,Decisions,Lyfe Harris,,Decisions,168,R&B,Trap Soul,110,F# Minor,2020/02/17
2023/02/23,Never Know,6LACK,,FREE 6LACK,249,R&B,Trap Soul,95,F Minor,2016/11/18
2023/02/23,Don't Panic,Lyfe Harris,,Don't Panic,112,R&B,Trap Soul,108,A# Minor,2020/01/06
2023/02/23,404,Lyfe Harris,,ENIGMA,156,R&B,Trap Soul,89,G Major,2022/02/18
2023/02/23,Murda Musik (feat. Destroy Lonely),Ken Carson,Destroy Lonely,X,176,Hip-Hop,Vapor Trap,156,C# Major,2022/07/08
2023/02/24,Long Time - Intro,Playboi Carti,,Die Lit,211,Hip-Hop,Vapor Trap,144,E Minor,2018/05/11
2023/02/24,THE SUN,KayCyy,Gesaffelstein,TW20 50,188,Hip-Hop,Vapor Trap,133,G# Major,2022/03/11
2023/02/24,Hell Yeah,SoFaygo,Ken Carson,Pink Heartz,168,Hip-Hop,Vapor Trap,142,A Major,2022/11/11
2023/02/24,Rock N Roll,Ken Carson,,Project X,148,Hip-Hop,Vapor Trap,142,C# Major,2021/07/23
2023/02/24,DOMINO,Thouxanbanfauni,,CLAIRVOYANCE,122,Hip-Hop,Vapor Trap,133,G Minor,2020/07/21
2023/02/24,Transparency,SoFaygo,,Pink Heartz,148,Hip-Hop,Vapor Trap,149,D Major,2022/11/11
2023/02/24,Miss The Rage (feat. Playboi Carti),Trippie Redd,Playboi Carti,Trip At Knight (Complete Edition),236,Hip-Hop,Vapor Trap,77,G# Major,2021/08/21
2023/02/24,Love You Again,PLAZA,,SHADOW,281,R&B,Alternative R&B,138,B Minor,2017/06/11
2023/02/24,Cash Flow,TYuS,,Cash Flow,194,R&B,Trap Soul,99,G# Major,2015/11/24
2023/02/24,Borrow,KayCyy,,Get Used To It ,126,Hip-Hop,Vapor Trap,125,G# Major,2022/06/02
2023/02/24,Replay,KayCyy,,Get Used To It ,182,Hip-Hop,Vapor Trap,130,B Minor,2022/06/02
2023/02/24,Freestyle 2,Ken Carson,,X,138,Hip-Hop,Vapor Trap,96,C# Minor,2022/07/08
2023/02/24,NOSTYLIST,Destroy Lonely,,NO STYLIST,180,Hip-Hop,Vapor Trap,160,B Minor,2022/08/12
2023/02/24,Find Her,Lyfe Harris,,Nothing New,133,R&B,Trap Soul,89,F# Minor,2021/02/10
2023/02/24,Heartbreaker,Tilladre,,Heartbreaker,234,R&B,Alternative R&B,82,A Major,2020/08/28
2023/02/24,The Fall,The Weeknd,,Trilogy,345,R&B,Alternative R&B,75,C# Major,2012/11/13
2023/02/24,Chemtrails Over The Country Club,Lana Del Rey,,Chemtrails Over The Country Club,271,Pop,Indie Pop,201,E Minor,2021/03/19
2023/02/24,It's Lifted,Robb Bank$,Trippie Redd,It's Lifted,142,Hip-Hop,Vapor Trap,122,A# Minor,2022/03/14
2023/02/24,THE SUN,KayCyy,Gesaffelstein,TW20 50,188,Hip-Hop,Vapor Trap,133,G# Major,2022/03/11
2023/02/24,Bad Neighbors,K. Forest,,Welcome to the Wildfire,160,R&B,Contemporary R&B,120,D# Minor,2021/03/19
2023/02/24,Too Many Times,Norman Perry,,XX2,200,R&B,Trap Soul,102,D Major,2018/10/02
2023/02/24,MTFU,6LACK,,FREE 6LACK,208,R&B,Trap Soul,112,A# Minor,2016/11/18
2023/02/24,I Want Her Too,Artie J,,Emotional Indulgence,172,R&B,Trap Soul,90,B Minor,2021/10/08
2023/02/24,DHL,Frank Ocean,,DHL,268,R&B,Experimental R&B,123,E Minor,2019/10/19
2023/02/24,Novacane,Frank Ocean,,Novacane,302,R&B,Contemporary R&B,94,D# Major,2011/01/01
2023/02/24,Murda Musik (feat. Destroy Lonely),Ken Carson,Destroy Lonely,X,176,Hip-Hop,Vapor Trap,156,C# Major,2022/07/08
2023/02/24,All Night,PLAZA,,One,201,R&B,Alternative R&B,113,A# Major,2016/08/29
2023/02/24,Fly Gyal,Artie J,,Emotional Indulgence,180,R&B,Trap Soul,140,B Minor,2021/10/08
2023/02/24,More 2 Us,TYuS,,More 2 Us,228,R&B,Trap Soul,74,F# Minor,2020/06/16
2023/02/25,Miss The Rage (feat. Playboi Carti),Trippie Redd,Playboi Carti,Trip At Knight (Complete Edition),236,Hip-Hop,Vapor Trap,77,G# Major,2021/08/21
2023/02/25,Sky,Playboi Carti,,Whole Lotta Red,193,Hip-Hop,Vapor Trap,140,D Major,2020/12/25
2023/02/25,Long Time - Intro,Playboi Carti,,Die Lit,211,Hip-Hop,Vapor Trap,144,E Minor,2018/05/11
2023/02/25,PRBLMS,6LACK,,FREE 6LACK,246,R&B,Trap Soul,69,A Major,2016/11/18
2023/02/25,Free,6LACK,,FREE 6LACK,263,R&B,Trap Soul,124,D Major,2016/11/18
2023/02/25,MTFU,6LACK,,FREE 6LACK,208,R&B,Trap Soul,112,A# Minor,2016/11/18
2023/02/25,DOMINO,Thouxanbanfauni,,CLAIRVOYANCE,122,Hip-Hop,Vapor Trap,133,G Minor,2020/07/21
2023/02/25,Borrow,KayCyy,,Get Used To It ,126,Hip-Hop,Vapor Trap,125,G# Major,2022/06/02
2023/02/25,THE SUN,KayCyy,Gesaffelstein,TW20 50,188,Hip-Hop,Vapor Trap,133,G# Major,2022/03/11
2023/02/25,POA,Future,,FUTURE,248,Hip-Hop,Trap,148,B Minor,2017/06/30
2023/02/25,Government Official,Future,,SAVE ME,150,Hip-Hop,Trap,145,C# Major,2019/06/07
2023/02/25,Wus Good / Curious,PARTYNEXTDOOR,,PARTYNEXTDOOR,212,R&B,Trap Soul,83,B Major,2013/07/01
2023/02/25,Still Alive,PLAZA,,Nocturnes,198,R&B,Alternative R&B,147,G Minor,2021/10/01
2023/02/25,Waterfalls,LVNDVN,,Moon Lit District,214,R&B,Alternative R&B,151,A Minor,2017/09/15
2023/02/25,You Know,Lyfe Harris,,Nothing New,179,R&B,Trap Soul,89,F Minor,2021/02/10
2023/02/25,WEST DISTRICT,PARTYNEXTDOOR,,PARTYPACK,303,R&B,Trap Soul,95,C# Major,2020/10/16
2023/02/25,brand new,Alley,"Lev, Svi",brand new,212,R&B,Trap Soul,134,E Minor,2022/01/28
2023/02/25,Moon Lit District,LVNDVN,,Moon Lit District,295,R&B,Alternative R&B,112,A# Minor,2017/09/15
2023/02/25,Government Official,Future,,SAVE ME,150,Hip-Hop,Trap,145,C# Major,2019/06/07
2023/02/25,Don't Panic,Lyfe Harris,,Don't Panic,112,R&B,Trap Soul,108,A# Minor,2020/01/06
2023/02/25,Summer Bummer (feat. A$AP Rocky & Playboi Carti),Lana Del Rey,"A$AP Rocky, Playboi Carti",Lust for Life,260,Pop,Indie Pop,135,C# Major,2017/07/21
2023/02/25,Loft Music,The Weeknd,,Trilogy,363,R&B,Alternative R&B,172,F# Minor,2012/11/13
2023/02/25,Tell Your Friends,The Weeknd,,Beauty Behind The Madness,334,R&B,Contemporary R&B,75,C# Minor,2015/08/28
2023/02/25,Break From Toronto,PARTYNEXTDOOR,,PARTYNEXTDOOR,99,R&B,Trap Soul,117,A Major,2013/07/01
2023/02/25,Party Monster,The Weeknd,,Starboy,249,Pop,Electropop,78,C# Major,2016/11/25
2023/02/25,The Fall,The Weeknd,,Trilogy,345,R&B,Alternative R&B,75,C# Major,2012/11/13
2023/02/25,Often,The Weeknd,,Beauty Behind The Madness,249,R&B,Alternative R&B,134,G Minor,2015/08/28
2023/02/25,Lie To Me,Black Atlass,,Dream Awake,210,R&B,Alternative R&B,158,B Minor,2020/04/03
2023/02/25,Water,PLAZA,,One,181,R&B,Alternative R&B,104,C# Minor,2016/08/29
2023/02/25,Doll House,Lyfe Harris,,Since We're Here,135,R&B,Trap Soul,108,G Major,2020/04/04
2023/02/25,FALLING,Che Ecru,,PREJECTION,134,R&B,Indie R&B,100,B Minor,2020/05/15
2023/02/25,The Zone,The Weeknd,Drake,Trilogy,418,R&B,Alternative R&B,140,D# Minor,2012/11/13
2023/02/25,Reason,PLAZA,,One,241,R&B,Alternative R&B,174,C Major,2016/08/29
2023/02/25,Use Me,PLAZA,,Nocturnes,238,R&B,Alternative R&B,147,B Minor,2021/10/01
2023/02/25,The Party & The After Party,The Weeknd,,Trilogy,459,R&B,Alternative R&B,204,F Minor,2012/11/13
2023/02/25,WEST DISTRICT,PARTYNEXTDOOR,,PARTYPACK,303,R&B,Trap Soul,95,C# Major,2020/10/16
2023/02/25,The Knowing,The Weeknd,,Trilogy,340,R&B,Alternative R&B,86,F# Minor,2012/11/13
2023/02/25,Find Her,Lyfe Harris,,Nothing New,133,R&B,Trap Soul,89,F# Minor,2021/02/10
2023/02/25,Bring It Back (with Mike WiLL Made-It feat. Drake),Trouble,"Mike WiLL Made-It, Drake",Edgewood (41E Edition),255,Hip-Hop,Trap,152,F# Minor,2018/10/26
2023/02/25,Salty,Lyfe Harris,,Since We're Here,134,R&B,Trap Soul,94,C# Minor,2020/04/04
2023/02/25,Heartbreaker,Tilladre,,Heartbreaker,234,R&B,Alternative R&B,82,A Major,2020/08/28
2023/02/25,Still Alive,PLAZA,,Nocturnes,198,R&B,Alternative R&B,147,G Minor,2021/10/01
2023/02/25,Twenty Eight,The Weeknd,,Trilogy,258,R&B,Alternative R&B,130,D# Minor,2012/11/13
2023/02/25,Locations,LVNDVN,,HYPRWRLD,219,R&B,Alternative R&B,92,B Minor,2019/04/12
2023/02/25,Cash Flow,TYuS,,Cash Flow,194,R&B,Trap Soul,99,G# Major,2015/11/24
2023/02/26,THE SUN,KayCyy,Gesaffelstein,TW20 50,188,Hip-Hop,Vapor Trap,133,G# Major,2022/03/11
2023/02/26,Transparency,SoFaygo,,Pink Heartz,148,Hip-Hop,Vapor Trap,149,D Major,2022/11/11
2023/02/26,Long Time - Intro,Playboi Carti,,Die Lit,211,Hip-Hop,Vapor Trap,144,E Minor,2018/05/11
2023/02/26,Hold you up (feat. Annahstasia & Steven Bamidele),KayCyy,"Annahstasia, Steven Bamidele",Get Used To It ,236,Soul,Alternative Soul,200,A# Minor,2022/06/02
2023/02/26,Miss The Rage (feat. Playboi Carti),Trippie Redd,Playboi Carti,Trip At Knight (Complete Edition),236,Hip-Hop,Vapor Trap,77,G# Major,2021/08/21
2023/02/26,MEDICINE,Lyfe Harris,,ENIGMA,163,R&B,Trap Soul,85,F# Minor,2022/02/18
2023/02/26,Rock N Roll,Ken Carson,,Project X,148,Hip-Hop,Vapor Trap,142,C# Major,2021/07/23
2023/02/26,Shotgun,Future,,SAVE ME,258,R&B,Trap Soul,128,D Major,2019/06/07
2023/02/26,NOSTYLIST,Destroy Lonely,,NO STYLIST,180,Hip-Hop,Vapor Trap,160,B Minor,2022/08/12
2023/02/26,Distorted Records,A$AP Rocky,,TESTING,140,Hip-Hop,Experimental Hip-Hop,136,C# Minor,2018/05/25
2023/02/26,Borrow,KayCyy,,Get Used To It ,126,Hip-Hop,Vapor Trap,125,G# Major,2022/06/02
2023/02/26,R.I.P.,Playboi Carti,,Die Lit,192,Hip-Hop,Vapor Trap,140,G# Major,2018/05/11
2023/02/26,Uncontrollable,Artie J,,Emotional Indulgence,141,R&B,Trap Soul,112,A# Major,2021/10/08
2023/02/26,More 2 Us,TYuS,,More 2 Us,228,R&B,Trap Soul,74,F# Minor,2020/06/16
2023/02/26,Phone Me,Che Ecru,,Phone Me,134,R&B,Indie R&B,87,B Minor,2019/06/27
2023/02/26,Full Speed Ahead,Lyfe Harris,,Nothing New,176,R&B,Trap Soul,154,G Minor,2021/02/10
2023/02/26,Mission,Norman Perry,,Way Darker This Time,127,R&B,Trap Soul,136,F# Minor,2020/04/10
2023/02/26,Endless,Hiddenhillsforever,,Hell Of A Night,208,Hip-Hop,Trap,157,D Major,2021/05/07
2023/02/26,Reason,PLAZA,,One,241,R&B,Alternative R&B,174,C Major,2016/08/29
2023/02/26,Dan Marino Freestyle,Lyfe Harris,,Dan Marino Freestyle,155,Hip-Hop,Trap,94,F Minor,2021/06/23
2023/02/26,Government Official,Future,,SAVE ME,150,Hip-Hop,Trap,145,C# Major,2019/06/07
2023/02/26,Between Us (feat. 21 Savage),TYuS,21 Savage,Between Us (feat. 21 Savage),263,R&B,Trap Soul,111,C# Major,2017/06/30
2023/02/26,WAIT FOR U (feat. Drake & Tems),Future,"Drake, Tems",I NEVER LIKED YOU,189,Hip-Hop,Trap,83,C# Major,2022/04/29
2023/02/26,Rebel,Norman Perry,,Way Darker This Time,153,R&B,Trap Soul,125,D# Minor,2020/04/10
2023/02/26,Lie To Me,Black Atlass,,Dream Awake,210,R&B,Alternative R&B,158,B Minor,2020/04/03
2023/02/26,Bad Neighbors,K. Forest,,Welcome to the Wildfire,160,R&B,Contemporary R&B,120,D# Minor,2021/03/19
2023/02/26,404,Lyfe Harris,,ENIGMA,156,R&B,Trap Soul,89,G Major,2022/02/18
2023/02/26,Over,PLAZA,,SHADOW,268,R&B,Alternative R&B,66,D Minor,2017/06/11
2023/02/26,Personal,PLAZA,,SHADOW,274,R&B,Alternative R&B,75,D# Minor,2017/06/11
2023/02/26,Karma,PLAZA,,SHADOW,305,R&B,Alternative R&B,121,F# Minor,2017/06/11
2023/02/26,Love You Again,PLAZA,,SHADOW,281,R&B,Alternative R&B,138,B Minor,2017/06/11
2023/02/26,Run This,PLAZA,,SHADOW,233,R&B,Alternative R&B,114,D# Minor,2017/06/11
2023/02/26,White Dress,Lana Del Rey,,Chemtrails Over The Country Club,333,Pop,Indie Pop,123,C Major,2021/03/19
2023/02/26,Party Monster,The Weeknd,,Starboy,249,Pop,Electropop,78,C# Major,2016/11/25
2023/02/26,STAY RIGHT HERE,Lyfe Harris,,ENIGMA,168,R&B,Trap Soul,140,E Minor,2022/02/18
2023/02/26,Crash,PLAZA,,Crash,231,R&B,Alternative R&B,118,G Minor,2022/02/25
2023/02/26,Never Know,6LACK,,FREE 6LACK,249,R&B,Trap Soul,95,F Minor,2016/11/18
2023/02/26,Don't Panic,Lyfe Harris,,Don't Panic,112,R&B,Trap Soul,108,A# Minor,2020/01/06
2023/02/26,The Zone,The Weeknd,Drake,Trilogy,418,R&B,Alternative R&B,140,D# Minor,2012/11/13
2023/02/26,Like That,Norman Perry,,XX2,240,R&B,Trap Soul,90,B Minor,2018/10/02
2023/02/26,Belong To The World,The Weeknd,,Kiss Land,307,R&B,Alternative R&B,121,F Minor,2013/01/01
2023/02/26,brand new,Alley,"Lev, Svi",brand new,212,R&B,Trap Soul,134,E Minor,2022/01/28
2023/02/26,Too Many Times,Norman Perry,,XX2,200,R&B,Trap Soul,102,D Major,2018/10/02
2023/02/26,Live For,The Weeknd,Drake,Kiss Land,222,R&B,Alternative R&B,76,C Major,2013/01/01
2023/02/26,Diamond,Norman Perry,,XX2,134,R&B,Trap Soul,129,C# Minor,2018/10/02
2023/02/26,Moon Lit District,LVNDVN,,Moon Lit District,295,R&B,Alternative R&B,112,A# Minor,2017/09/15
2023/02/26,Reason,PLAZA,,One,241,R&B,Alternative R&B,174,C Major,2016/08/29
2023/02/26,The Knowing,The Weeknd,,Trilogy,340,R&B,Alternative R&B,86,F# Minor,2012/11/13
2023/02/26,Sainted,Norman Perry,,Way Darker This Time,192,R&B,Trap Soul,140,G Minor,2020/04/10
2023/02/26,Use Me,PLAZA,,Nocturnes,238,R&B,Alternative R&B,147,B Minor,2021/10/01
2023/02/26,You Know,Lyfe Harris,,Nothing New,179,R&B,Trap Soul,89,F Minor,2021/02/10
2023/02/26,Still Alive,PLAZA,,Nocturnes,198,R&B,Alternative R&B,147,G Minor,2021/10/01
2023/02/26,WEST DISTRICT,PARTYNEXTDOOR,,PARTYPACK,303,R&B,Trap Soul,95,C# Major,2020/10/16
2023/02/26,Recognize (feat. Drake),PARTYNEXTDOOR,Drake,PARTYNEXTDOOR TWO,311,R&B,Trap Soul,120,D Major,2014/07/29
2023/02/27,Hell Yeah,SoFaygo,Ken Carson,Pink Heartz,168,Hip-Hop,Vapor Trap,142,A Major,2022/11/11
2023/02/27,THE SUN,KayCyy,Gesaffelstein,TW20 50,188,Hip-Hop,Vapor Trap,133,G# Major,2022/03/11
2023/02/27,Miss The Rage (feat. Playboi Carti),Trippie Redd,Playboi Carti,Trip At Knight (Complete Edition),236,Hip-Hop,Vapor Trap,77,G# Major,2021/08/21
2023/02/27,Long Time - Intro,Playboi Carti,,Die Lit,211,Hip-Hop,Vapor Trap,144,E Minor,2018/05/11
2023/02/27,Tell Your Friends,The Weeknd,,Beauty Behind The Madness,334,R&B,Contemporary R&B,75,C# Minor,2015/08/28
2023/02/27,Find Her,Lyfe Harris,,Nothing New,133,R&B,Trap Soul,89,F# Minor,2021/02/10
2023/02/27,The Party & The After Party,The Weeknd,,Trilogy,459,R&B,Alternative R&B,204,F Minor,2012/11/13
2023/02/27,Kiss Land,The Weeknd,,Kiss Land,455,R&B,Alternative R&B,122,B Minor,2013/01/01
2023/02/27,Water,PLAZA,,One,181,R&B,Alternative R&B,104,C# Minor,2016/08/29
2023/02/27,I Want Her Too,Artie J,,Emotional Indulgence,172,R&B,Trap Soul,90,B Minor,2021/10/08
2023/02/27,Live For,The Weeknd,Drake,Kiss Land,222,R&B,Alternative R&B,76,C Major,2013/01/01
2023/02/27,Government Official,Future,,SAVE ME,150,Hip-Hop,Trap,145,C# Major,2019/06/07
2023/02/27,Recognize (feat. Drake),PARTYNEXTDOOR,Drake,PARTYNEXTDOOR TWO,311,R&B,Trap Soul,120,D Major,2014/07/29
2023/02/27,Summer Bummer (feat. A$AP Rocky & Playboi Carti),Lana Del Rey,"A$AP Rocky, Playboi Carti",Lust for Life,260,Pop,Indie Pop,135,C# Major,2017/07/21
2023/02/27,You Know,Lyfe Harris,,Nothing New,179,R&B,Trap Soul,89,F Minor,2021/02/10
2023/02/27,PRBLMS,6LACK,,FREE 6LACK,246,R&B,Trap Soul,69,A Major,2016/11/18
2023/02/27,Pretty Little Fears (feat. J. Cole),6LACK,J. Cole,East Atlanta Love Letter,240,R&B,Trap Soul,192,A Major,2018/09/14
2023/02/27,Transparency,SoFaygo,,Pink Heartz,148,Hip-Hop,Vapor Trap,149,D Major,2022/11/11
2023/02/27,Often,The Weeknd,,Beauty Behind The Madness,249,R&B,Alternative R&B,134,G Minor,2015/08/28
2023/02/27,Doll House,Lyfe Harris,,Since We're Here,135,R&B,Trap Soul,108,G Major,2020/04/04
2023/02/27,Decisions,Lyfe Harris,,Decisions,168,R&B,Trap Soul,110,F# Minor,2020/02/17
2023/02/27,Hold Up,PLAZA,,One,182,R&B,Alternative R&B,127,D Minor,2016/08/29
2023/02/28,Transparency,SoFaygo,,Pink Heartz,148,Hip-Hop,Vapor Trap,149,D Major,2022/11/11
2023/02/28,Borrow,KayCyy,,Get Used To It ,126,Hip-Hop,Vapor Trap,125,G# Major,2022/06/02
2023/02/28,Long Time - Intro,Playboi Carti,,Die Lit,211,Hip-Hop,Vapor Trap,144,E Minor,2018/05/11
2023/02/28,Endless,Hiddenhillsforever,,Hell Of A Night,208,Hip-Hop,Trap,157,D Major,2021/05/07
2023/02/28,Miss The Rage (feat. Playboi Carti),Trippie Redd,Playboi Carti,Trip At Knight (Complete Edition),236,Hip-Hop,Vapor Trap,77,G# Major,2021/08/21
2023/02/28,Bentley Keys,Lyfe Harris,,Bentley Keys,145,R&B,Trap Soul,108,F Minor,2020/10/23
2023/02/28,Decisions,Lyfe Harris,,Decisions,168,R&B,Trap Soul,110,F# Minor,2020/02/17
2023/02/28,Hamptons,Lyfe Harris,,Hamptons,168,R&B,Trap Soul,97,C# Minor,2020/09/24
2023/02/28,Recognize (feat. Drake),PARTYNEXTDOOR,Drake,PARTYNEXTDOOR TWO,311,R&B,Trap Soul,120,D Major,2014/07/29
2023/02/28,Glock Six - Bonus,6LACK,,FREE 6LACK,190,R&B,Trap Soul,83,B Minor,2016/11/18
2023/02/28,Crash,PLAZA,,Crash,231,R&B,Alternative R&B,118,G Minor,2022/02/25
2023/02/28,Kiss Land,The Weeknd,,Kiss Land,455,R&B,Alternative R&B,122,B Minor,2013/01/01
2023/02/28,THE SUN,KayCyy,Gesaffelstein,TW20 50,188,Hip-Hop,Vapor Trap,133,G# Major,2022/03/11
2023/02/28,Love You Again,PLAZA,,SHADOW,281,R&B,Alternative R&B,138,B Minor,2017/06/11
2023/02/28,brand new,Alley,"Lev, Svi",brand new,212,R&B,Trap Soul,134,E Minor,2022/01/28
2023/02/28,Bad Neighbors,K. Forest,,Welcome to the Wildfire,160,R&B,Contemporary R&B,120,D# Minor,2021/03/19
2023/02/28,Kiss Land,The Weeknd,,Kiss Land,455,R&B,Alternative R&B,122,B Minor,2013/01/01
